campaign_id,arm_id,arm_code,architecture,architecture_label,seed,feature_selector,neighborhood_controller,local_search,status,stop_reason,validation_f1_macro,validation_f1_weighted,validation_precision_macro,validation_recall_macro,test_f1_macro,test_f1_weighted,test_precision_macro,test_recall_macro,accuracy,subset_size,dimensionality_reduction_percent,selected_features,accepted_improvement_count,candidate_count,internal_metric_rows,end_to_end_time_seconds,classifier_time_seconds,run_id,result_sha256,best_message_count,best_message_unique_subsets,internal_best_f1,internal_time_to_target_ms,internal_target_reached,resource_sample_count,cpu_cores_median,cpu_cores_q1,cpu_cores_q3,cpu_cores_peak,cpu_budget_utilization_median_percent,memory_mib_median,memory_mib_q1,memory_mib_q3,memory_mib_peak,memory_budget_utilization_peak_percent,pids_median,network_rx_final_mib,network_tx_final_mib,disk_read_final_mib,disk_write_final_mib
gfshield-10d-2026-v1,baseline-all-features,ALL-51,baseline,All features,42,,,,completed,normal_exit,0.936843420339,0.925811012007,0.938361459993,0.935527777778,0.937808795526,0.926917603492,0.940242907019,0.93575,0.927225,51,0.0,"0,1,10,11,12,13,14,15,16,17,18,19,2,20,21,22,23,24,25,26,27,28,29,3,30,31,32,33,34,35,36,37,38,39,4,40,41,42,43,44,45,46,47,48,49,5,50,6,7,8,9",1,1.0,0,71.618,30.599,baseline-all-features-s42-0dc44891cc7c,31a1fffbafbf8ee9a20af8d27886d3be57d5873b3f39df838aa33067af033c54,0,0,,,False,1,1.0662,1.0662,1.0662,1.0662,13.3275,1009.0,1009.0,1009.0,1009.0,6.158447265625,29.0,0.002307891845703125,0.0,0.0,10.967254638671875
gfshield-10d-2026-v1,baseline-all-features,ALL-51,baseline,All features,43,,,,completed,normal_exit,0.936843420339,0.925811012007,0.938361459993,0.935527777778,0.937808795526,0.926917603492,0.940242907019,0.93575,0.927225,51,0.0,"0,1,10,11,12,13,14,15,16,17,18,19,2,20,21,22,23,24,25,26,27,28,29,3,30,31,32,33,34,35,36,37,38,39,4,40,41,42,43,44,45,46,47,48,49,5,50,6,7,8,9",1,1.0,0,71.815,30.796,baseline-all-features-s43-d7a93e6bd360,bfa3c1f1ebc55dbe47d2a62e78a0b59627b1cfe47f9ea81d72c82eeb30927857,0,0,,,False,1,1.0317,1.0317,1.0317,1.0317,12.89625,866.6,866.6,866.6,866.6,5.289306640625,29.0,0.0022411346435546875,0.0,0.0,10.967254638671875
gfshield-10d-2026-v1,baseline-all-features,ALL-51,baseline,All features,44,,,,completed,normal_exit,0.936843420339,0.925811012007,0.938361459993,0.935527777778,0.937808795526,0.926917603492,0.940242907019,0.93575,0.927225,51,0.0,"0,1,10,11,12,13,14,15,16,17,18,19,2,20,21,22,23,24,25,26,27,28,29,3,30,31,32,33,34,35,36,37,38,39,4,40,41,42,43,44,45,46,47,48,49,5,50,6,7,8,9",1,1.0,0,72.227,30.766,baseline-all-features-s44-ca8bede7f2be,f85e64dadd5f6861c4e60b83fa1bbc523dbd3fc8ad9846df4899106307eb415c,0,0,,,False,1,1.0124,1.0124,1.0124,1.0124,12.655,846.9,846.9,846.9,846.9,5.1690673828125,29.0,0.002307891845703125,0.0,0.0,10.967254638671875
gfshield-10d-2026-v1,baseline-all-features,ALL-51,baseline,All features,45,,,,completed,normal_exit,0.936843420339,0.925811012007,0.938361459993,0.935527777778,0.937808795526,0.926917603492,0.940242907019,0.93575,0.927225,51,0.0,"0,1,10,11,12,13,14,15,16,17,18,19,2,20,21,22,23,24,25,26,27,28,29,3,30,31,32,33,34,35,36,37,38,39,4,40,41,42,43,44,45,46,47,48,49,5,50,6,7,8,9",1,1.0,0,72.868,30.66,baseline-all-features-s45-3a2041263071,f4b187b6e30a629807391fd1b60bd4af2064e1b372a3dff8ac069735be6563e6,0,0,,,False,2,1.43995,1.336875,1.543025,1.6461000000000001,17.999375,574.4000000000001,470.25,678.5500000000001,782.7,4.7772216796875,29.0,0.0023746490478515625,0.0,0.0,10.967254638671875
gfshield-10d-2026-v1,baseline-all-features,ALL-51,baseline,All features,46,,,,completed,normal_exit,0.936843420339,0.925811012007,0.938361459993,0.935527777778,0.937808795526,0.926917603492,0.940242907019,0.93575,0.927225,51,0.0,"0,1,10,11,12,13,14,15,16,17,18,19,2,20,21,22,23,24,25,26,27,28,29,3,30,31,32,33,34,35,36,37,38,39,4,40,41,42,43,44,45,46,47,48,49,5,50,6,7,8,9",1,1.0,0,73.024,30.51,baseline-all-features-s46-65b1544d6b73,ad83bb36e534ff9f48dc9f1d9b56b3ae1927a25ee095b5486ba33690d6d365cd,0,0,,,False,2,0.53455,0.267275,0.801825,1.0691,6.681875,368.65,184.325,552.9749999999999,737.3,4.5001220703125,14.5,0.002307891845703125,0.0,0.0,10.967254638671875
gfshield-10d-2026-v1,baseline-all-features,ALL-51,baseline,All features,47,,,,completed,normal_exit,0.936843420339,0.925811012007,0.938361459993,0.935527777778,0.937808795526,0.926917603492,0.940242907019,0.93575,0.927225,51,0.0,"0,1,10,11,12,13,14,15,16,17,18,19,2,20,21,22,23,24,25,26,27,28,29,3,30,31,32,33,34,35,36,37,38,39,4,40,41,42,43,44,45,46,47,48,49,5,50,6,7,8,9",1,1.0,0,73.025,30.374,baseline-all-features-s47-c409e1d49740,1448c048f9e57f6b05d532c61c2ca6396cfe3166ed62b197f6fa8fd4529a65f8,0,0,,,False,2,0.51935,0.259675,0.779025,1.0387,6.491874999999999,435.35,217.675,653.0250000000001,870.7,5.3143310546875,14.5,0.002307891845703125,0.0,0.0,10.967254638671875
gfshield-10d-2026-v1,baseline-all-features,ALL-51,baseline,All features,48,,,,completed,normal_exit,0.936843420339,0.925811012007,0.938361459993,0.935527777778,0.937808795526,0.926917603492,0.940242907019,0.93575,0.927225,51,0.0,"0,1,10,11,12,13,14,15,16,17,18,19,2,20,21,22,23,24,25,26,27,28,29,3,30,31,32,33,34,35,36,37,38,39,4,40,41,42,43,44,45,46,47,48,49,5,50,6,7,8,9",1,1.0,0,73.589,30.594,baseline-all-features-s48-6093069aa72a,f6d801a90da89859e742485b6f936464c8162166ad4a1d4ec31ae957cf301945,0,0,,,False,1,1.06,1.06,1.06,1.06,13.25,793.1,793.1,793.1,793.1,4.8406982421875,29.0,0.002307891845703125,0.0,0.0,10.967254638671875
gfshield-10d-2026-v1,baseline-all-features,ALL-51,baseline,All features,49,,,,completed,normal_exit,0.936843420339,0.925811012007,0.938361459993,0.935527777778,0.937808795526,0.926917603492,0.940242907019,0.93575,0.927225,51,0.0,"0,1,10,11,12,13,14,15,16,17,18,19,2,20,21,22,23,24,25,26,27,28,29,3,30,31,32,33,34,35,36,37,38,39,4,40,41,42,43,44,45,46,47,48,49,5,50,6,7,8,9",1,1.0,0,71.891,31.083,baseline-all-features-s49-25a49b652883,dab9d17aceccd2c2c799161ae73470cae261c3cba1e57ff2fbffb8ae2f89de92,0,0,,,False,1,1.0562,1.0562,1.0562,1.0562,13.2025,703.6,703.6,703.6,703.6,4.29443359375,29.0,0.002307891845703125,0.0,0.0,10.967254638671875
gfshield-10d-2026-v1,distributed-gr-rvnd-bitflip,GR-RVND-BF,distributed,G-FShield,42,gr,rvnd,bitflip,timeout,run_timeout,0.947106827967,0.937236670499,0.947303459575,0.946930555556,0.947271491157,0.937395480395,0.947610377518,0.946986111111,0.937075,10,80.3921568627451,"11,21,23,28,36,41,42,47,49,5",8,,142,2795.65,10.496,distributed-gr-rvnd-bitflip-s42-31a4f5c0d76c,74041ae1051322a1a75740f6f23fa73956739f2690623ad11ac10a390cdf2d3a,8,8,0.94710684,,False,72,4.0897499999999996,4.040375,4.987825000000001,5.8156,51.121874999999996,5469.324,4986.054,5945.566000000001,7080.683999999999,43.217065429687494,378.0,9.970664978027344,9.942626953125,0.007810592651367187,40.966033935546875
gfshield-10d-2026-v1,distributed-gr-rvnd-bitflip,GR-RVND-BF,distributed,G-FShield,43,gr,rvnd,bitflip,timeout,run_timeout,0.940458770555,0.930306527275,0.943381234376,0.938208333333,0.94154359412,0.93150702375,0.944999813604,0.938916666667,0.93215,19,62.745098039215684,"0,10,13,19,20,21,22,23,28,36,41,42,44,47,48,49,50,6,7",7,,121,2809.055,17.861,distributed-gr-rvnd-bitflip-s43-78697c68a26f,7cab389b61b169d66355734861ab23543fcc4c2af34f81d549065650d31ef80a,7,7,0.9404588,,False,72,4.06225,4.00185,4.836575,5.8684,50.778124999999996,5565.334000000001,5058.155999999999,5915.253,7610.904,46.453271484375,378.0,9.890460968017578,9.865570068359375,0.003910064697265625,38.93470764160156
gfshield-10d-2026-v1,distributed-gr-rvnd-bitflip,GR-RVND-BF,distributed,G-FShield,44,gr,rvnd,bitflip,timeout,run_timeout,0.940220981237,0.930210281889,0.943010417825,0.938083333333,0.941619153448,0.931539216218,0.944885849124,0.939055555556,0.932075,19,62.745098039215684,"0,10,13,19,20,21,22,23,28,36,41,42,44,47,48,49,5,50,7",9,,103,2808.795,17.586,distributed-gr-rvnd-bitflip-s44-f76cbaff195f,8f6f59c0b1e20287b3dbb3bc321d435a5248413edf2b2c5da2ee252c712a7638,9,9,0.94022095,,False,72,4.07985,4.020300000000001,4.899100000000001,6.458799999999999,50.998125,5957.272,5286.207,6700.471,7602.38,46.4012451171875,379.0,10.152530670166016,10.119438171386719,0.0,38.916587829589844
gfshield-10d-2026-v1,distributed-gr-rvnd-bitflip,GR-RVND-BF,distributed,G-FShield,45,gr,rvnd,bitflip,timeout,run_timeout,0.94034530029,0.930230064691,0.943580270854,0.937972222222,0.94132336834,0.931326311136,0.945370282081,0.938375,0.932075,16,68.62745098039215,"0,16,19,20,21,22,23,28,36,41,44,47,48,49,7,8",9,,128,2800.243,14.989,distributed-gr-rvnd-bitflip-s45-2a7737209264,274fc8ae1bf28d247563b25648de44edab34caace6c12366475e01a4730c1480,9,9,0.9403453,,False,72,4.0824,4.042275,4.79445,5.9748,51.03,5667.178,5482.657,6146.78,7068.22,43.1409912109375,379.0,9.827518463134766,9.801006317138672,0.003910064697265625,38.893699645996094
gfshield-10d-2026-v1,distributed-gr-rvnd-bitflip,GR-RVND-BF,distributed,G-FShield,46,gr,rvnd,bitflip,timeout,run_timeout,0.940234009558,0.930053930469,0.94363896136,0.937666666667,0.940152040792,0.929989937254,0.943918525586,0.937277777778,0.9306,18,64.70588235294117,"0,1,14,19,20,21,22,23,28,36,41,42,44,47,48,49,5,7",8,,223,2802.495,15.932,distributed-gr-rvnd-bitflip-s46-9ec898b8786e,770d79080867443d69bcd313f713deccecd48e66924c48f8be0950c47e670b91,8,8,0.940234,,False,72,4.1972000000000005,4.023124999999999,4.96485,5.4144,52.465,5927.540000000001,5444.898999999999,6239.805,7172.344,43.776513671875,379.0,9.638786315917969,9.602642059326172,0.003910064697265625,38.83838653564453
gfshield-10d-2026-v1,distributed-gr-rvnd-bitflip,GR-RVND-BF,distributed,G-FShield,47,gr,rvnd,bitflip,timeout,run_timeout,0.942047080245,0.931645578411,0.943804902851,0.940444444444,0.942226521155,0.93174880085,0.944074127398,0.940527777778,0.931675,12,76.47058823529412,"19,21,22,23,28,36,41,47,48,49,6,9",11,,216,2803.181,11.653,distributed-gr-rvnd-bitflip-s47-98c3a199246c,73623a96e7820e5394c488b39baf658da25c92c09f14bcae19eb36f0ec21c6c8,11,11,0.94204706,,False,72,4.07255,4.020625,4.457025,5.141299999999999,50.906875,5623.7,5165.285,6070.072,6507.808,39.7205078125,378.0,10.019207000732422,9.992122650146484,0.0,38.918495178222656
gfshield-10d-2026-v1,distributed-gr-rvnd-bitflip,GR-RVND-BF,distributed,G-FShield,48,gr,rvnd,bitflip,timeout,run_timeout,0.941995786872,0.932553346836,0.949008263357,0.937472222222,0.942095151962,0.932798618892,0.949379429277,0.937402777778,0.933925,12,76.47058823529412,"0,19,21,22,23,28,36,41,47,48,49,8",13,,187,2796.804,11.872,distributed-gr-rvnd-bitflip-s48-3b0d820efac1,4328d0b14e2114554a341156da620e9c3aa6c8e5c3b710c53a7831504b68fd68,13,13,0.9419958,,False,72,4.103,4.024425,4.854025,5.083200000000001,51.287499999999994,6419.304,6022.9625,6934.3355,8042.548,49.087817382812496,378.0,9.682369232177734,9.64193344116211,0.0,42.308807373046875
gfshield-10d-2026-v1,distributed-gr-rvnd-bitflip,GR-RVND-BF,distributed,G-FShield,49,gr,rvnd,bitflip,timeout,run_timeout,0.941630322708,0.932204382991,0.946953416177,0.938208333333,0.942257228735,0.932802235251,0.947877824859,0.938527777778,0.933875,15,70.58823529411765,"0,13,19,2,21,22,23,28,36,41,47,48,49,5,7",11,,150,2801.14,13.366,distributed-gr-rvnd-bitflip-s49-7b965afc3f0b,d8e03b395a293936f17399a856131716b4e699c4e7ce46d0b851dfdfeb5750bc,11,11,0.9416303,,False,72,4.056000000000001,4.0001,4.879275,5.3341,50.70000000000001,5570.778,5094.945000000001,5897.799,6849.0199999999995,41.8031005859375,378.0,9.826850891113281,9.797859191894531,0.0,38.908958435058594
gfshield-10d-2026-v1,distributed-gr-rvnd-iwss,GR-RVND-IWSS,distributed,G-FShield,42,gr,rvnd,iwss,timeout,run_timeout,0.943112326524,0.932730987725,0.944480145192,0.941833333333,0.942658076297,0.932136414588,0.944358668261,0.941097222222,0.931925,13,74.50980392156863,"19,21,22,23,28,36,41,47,48,49,5,50,9",6,,172,2797.757,12.936,distributed-gr-rvnd-iwss-s42-8b89cdb44e0e,5e9cba4a1e22dc8bbe8912e851dc58a7db2df08ee5a80a8a12e3e798d8a4938f,6,6,0.9431123,,False,72,4.099550000000001,4.0239,4.971275,5.535299999999999,51.244375000000005,5644.654,5127.117,6246.866000000001,7022.812,42.8638427734375,377.5,9.592819213867188,9.55648422241211,0.003910064697265625,40.36235809326172
gfshield-10d-2026-v1,distributed-gr-rvnd-iwss,GR-RVND-IWSS,distributed,G-FShield,43,gr,rvnd,iwss,timeout,run_timeout,0.939935719387,0.930061343236,0.944373806835,0.936902777778,0.939935735235,0.930031717506,0.94514982648,0.936291666667,0.930925,13,74.50980392156863,"11,13,19,21,22,23,28,36,41,47,48,49,9",10,,136,2799.252,12.28,distributed-gr-rvnd-iwss-s43-4b4f26ac5864,7c43294237e5394531fdf60560bfcf7bfbcfdc0ea919d2e158348fcc6baf147d,10,10,0.93993574,,False,72,4.13705,4.0212,4.9453000000000005,6.1976,51.713125000000005,5618.566,5209.383000000001,6074.66,7040.492,42.971752929687504,379.0,10.64920425415039,10.619926452636719,0.0,38.91563415527344
gfshield-10d-2026-v1,distributed-gr-rvnd-iwss,GR-RVND-IWSS,distributed,G-FShield,44,gr,rvnd,iwss,timeout,run_timeout,0.941341419625,0.930329192304,0.941543103783,0.941152777778,0.942063853234,0.931010423806,0.942271942045,0.941888888889,0.930775,11,78.43137254901961,"10,21,22,23,28,36,41,47,48,49,5",10,,155,2795.215,11.249,distributed-gr-rvnd-iwss-s44-d5a1c3723a5c,90fd86485606995c739b286ed0bcd1b7ed80283be2afe26f681e13244e87295d,10,10,0.9413414,,False,72,4.075100000000001,4.028525,4.549824999999999,5.6888,50.93875000000001,5862.034,5393.014999999999,6402.764,7808.96,47.662109375,376.0,12.752532958984375,12.709522247314453,0.0,38.89942169189453
gfshield-10d-2026-v1,distributed-gr-rvnd-iwss,GR-RVND-IWSS,distributed,G-FShield,45,gr,rvnd,iwss,timeout,run_timeout,0.94249070858,0.931996017217,0.944197402485,0.940930555556,0.941853573637,0.931340307155,0.94387377531,0.940013888889,0.931175,14,72.54901960784314,"1,17,19,21,22,23,28,36,41,47,48,49,5,9",5,,218,2802.53,13.006,distributed-gr-rvnd-iwss-s45-0b809fa55171,60be44c33477b3570c8c46dcb178310c60763b9c41aa3725b88420565c5f20d2,5,5,0.9424907,,False,72,4.0945,4.046500000000001,4.728275,5.4349,51.18125,6070.9,5539.456999999999,6515.854,7435.514,45.38277587890625,377.0,9.492301940917969,9.471321105957031,0.003910064697265625,38.94615173339844
gfshield-10d-2026-v1,distributed-gr-rvnd-iwss,GR-RVND-IWSS,distributed,G-FShield,46,gr,rvnd,iwss,timeout,run_timeout,0.939945930001,0.930215416509,0.946120291319,0.935944444444,0.941170177302,0.931635385731,0.94769817221,0.936888888889,0.932725,11,78.43137254901961,"0,1,15,21,22,23,28,36,41,47,49",6,,50,2861.594,12.458,distributed-gr-rvnd-iwss-s46-5325b88b1cbc,4f6a94483bf457cebadadfe0a0e9abf77d44c3cd2ceae6ddecd78173076f9949,6,6,0.93994594,,False,71,4.0999,4.0405,4.752750000000001,5.3793999999999995,51.24875,5785.2840000000015,5255.486,6399.466,7731.943999999999,47.192041015624994,378.0,14.227294921875,14.215469360351562,0.0,38.74492645263672
gfshield-10d-2026-v1,distributed-gr-rvnd-iwss,GR-RVND-IWSS,distributed,G-FShield,47,gr,rvnd,iwss,timeout,run_timeout,0.940803389702,0.929929063546,0.942514699963,0.939236111111,0.941518335468,0.930652445796,0.943157736387,0.940069444444,0.930275,11,78.43137254901961,"0,13,19,21,22,23,28,36,47,48,49",10,,178,2803.052,10.643,distributed-gr-rvnd-iwss-s47-0602daf8ad9c,c86a922292dbb22ffb445064afc728fbb88f2a41e422fbadc786fe8fd354f126,10,10,0.9408034,,False,70,4.128449999999999,3.999775,4.742025,5.2152,51.60562499999999,5491.776,5095.379999999999,6082.638000000001,7538.612,46.0120361328125,377.0,13.958549499511719,13.939571380615234,0.0,38.639068603515625
gfshield-10d-2026-v1,distributed-gr-rvnd-iwss,GR-RVND-IWSS,distributed,G-FShield,48,gr,rvnd,iwss,timeout,run_timeout,0.943655894565,0.9336335841,0.945239474694,0.942208333333,0.943558038688,0.933435469533,0.945006281686,0.942208333333,0.9334,11,78.43137254901961,"10,19,20,21,23,28,36,41,47,48,49",10,,206,2817.207,12.259,distributed-gr-rvnd-iwss-s48-b5838b1b84cb,9ec8f9f9f65a9d12c4537d75d18a570f172c4ca2c739d5caf9a01d10fc8e5a31,10,10,0.9436559,,False,71,4.0866,4.014950000000001,4.73245,5.6652,51.082499999999996,5442.736000000001,5036.486,5971.423999999999,7095.348,43.3065673828125,377.0,10.871601104736328,10.84890365600586,0.0,38.687705993652344
gfshield-10d-2026-v1,distributed-gr-rvnd-iwss,GR-RVND-IWSS,distributed,G-FShield,49,gr,rvnd,iwss,timeout,run_timeout,0.940160895582,0.929256573626,0.941695106286,0.93875,0.940390768531,0.929610387463,0.942360834315,0.938611111111,0.929575,14,72.54901960784314,"1,15,19,21,22,23,28,36,41,47,48,49,6,8",9,,55,2841.695,12.284,distributed-gr-rvnd-iwss-s49-fca2d1f6a273,aa9cab9b4e59735991fd6b4f76d704de7eab0c9ab472342f98cbb13799415f15,9,9,0.9401609,,False,70,4.03175,3.93655,4.1905,5.388800000000001,50.396874999999994,5511.932000000001,5024.218999999999,6031.084000000001,7119.552000000001,43.454296875000004,380.0,13.103675842285156,13.081645965576172,0.0,39.391517639160156
gfshield-10d-2026-v1,distributed-gr-rvnd-iwssr,GR-RVND-IWSSR,distributed,G-FShield,42,gr,rvnd,iwssr,timeout,run_timeout,0.944965249814,0.934786520643,0.944915251579,0.945111111111,0.946015681349,0.936083256323,0.946039174166,0.946138888889,0.935575,9,82.35294117647058,"11,21,23,28,36,42,47,49,5",6,,154,2821.97,10.204,distributed-gr-rvnd-iwssr-s42-d5526268f78a,0fb1bedbf8e05676e92dbd1281d84967c4b493ad3a90f1ac53c85080f234a1dd,6,6,0.94496524,,False,71,4.0855,4.0013499999999995,4.9670000000000005,5.2805,51.068749999999994,5567.907999999999,5011.093999999999,5952.784,7523.74,45.9212646484375,379.0,15.514087677001953,15.481948852539062,0.0,38.64002227783203
gfshield-10d-2026-v1,distributed-gr-rvnd-iwssr,GR-RVND-IWSSR,distributed,G-FShield,43,gr,rvnd,iwssr,timeout,run_timeout,0.94122587195,0.931304965427,0.94531191289,0.938333333333,0.941253768903,0.931415555586,0.94620204041,0.93775,0.93225,15,70.58823529411765,"0,11,16,19,2,21,22,23,28,36,41,47,48,49,8",7,,161,2852.736,13.503,distributed-gr-rvnd-iwssr-s43-ac84a8bee3b2,4eac64c19d7f2d1a0678b94806b8b166ad056a4a35149a9213e7420462af3710,7,7,0.9412259,,False,71,4.0538,4.0181000000000004,4.4014999999999995,5.025099999999999,50.6725,5746.592,5423.56,6118.013999999999,8052.696000000001,49.149755859375006,379.0,13.49496841430664,13.466358184814453,0.0,38.67912292480469
gfshield-10d-2026-v1,distributed-gr-rvnd-iwssr,GR-RVND-IWSSR,distributed,G-FShield,44,gr,rvnd,iwssr,timeout,run_timeout,0.941038845141,0.931428215969,0.945843178826,0.937972222222,0.941081864331,0.931495789168,0.946568988897,0.937472222222,0.9326,12,76.47058823529412,"13,19,21,22,23,28,36,41,47,48,49,8",11,,103,2807.138,11.236,distributed-gr-rvnd-iwssr-s44-dfe5070dfba8,dbc33b21ec96b89b18d896cfb6c7be4aafc11ab417fc262c4d33138c5ff54feb,11,11,0.94103885,,False,71,4.0925,4.01655,4.96575,6.4653,51.15625,5831.8640000000005,5281.776000000001,6383.598,7330.088000000001,44.739306640625,377.0,15.352249145507812,15.332221984863281,0.0,38.64765167236328
gfshield-10d-2026-v1,distributed-gr-rvnd-iwssr,GR-RVND-IWSSR,distributed,G-FShield,45,gr,rvnd,iwssr,timeout,run_timeout,0.941986041694,0.932598385439,0.948660830527,0.937847222222,0.943034132069,0.933816783469,0.949867591789,0.938708333333,0.93505,13,74.50980392156863,"10,13,19,21,22,23,28,36,41,47,48,49,7",7,,58,2829.516,12.363,distributed-gr-rvnd-iwssr-s45-9a7a77996df3,fd8c34f36ce66c124a07e98367378e308127933c1c7c1f077c0d7d4b3b2f802e,7,7,0.941986,,False,72,4.0956,4.03555,4.85175,5.7639,51.195,5705.521999999999,5078.459000000001,6156.51,7222.139999999999,44.0804443359375,378.0,9.637737274169922,9.60845947265625,0.0,38.97285461425781
gfshield-10d-2026-v1,distributed-gr-rvnd-iwssr,GR-RVND-IWSSR,distributed,G-FShield,46,gr,rvnd,iwssr,timeout,run_timeout,0.944736342919,0.934603640242,0.945742283802,0.943777777778,0.944644265346,0.934387102974,0.945726345605,0.943625,0.934175,10,80.3921568627451,"1,15,21,22,23,28,36,41,47,49",12,,98,2888.964,12.567,distributed-gr-rvnd-iwssr-s46-03fc79ba17a5,e3074e18dbf951137aa0809afcd91d29de1e72dad1bf6c17d0b2e7f69d5b2f17,12,12,0.94473636,,False,71,4.1926,4.0390999999999995,4.9658,5.7633,52.4075,5412.576,5110.216,5831.954,6887.808,42.03984375,379.0,12.713432312011719,12.682533264160156,0.0,38.76209259033203
gfshield-10d-2026-v1,distributed-gr-rvnd-iwssr,GR-RVND-IWSSR,distributed,G-FShield,47,gr,rvnd,iwssr,timeout,run_timeout,0.942381826263,0.931950828162,0.944206996898,0.940722222222,0.942399745794,0.931981677262,0.944496516189,0.9405,0.931875,13,74.50980392156863,"17,19,21,22,23,28,36,41,47,48,49,6,9",5,,126,2874.205,12.029,distributed-gr-rvnd-iwssr-s47-446d516512f7,b2e78c1d18c15d2bcd0a2a6ea1bec704868fa439d511cf692d2d203a22806479,5,5,0.9423818,,False,69,4.0759,4.021200000000001,4.8446,5.0813,50.94875,5989.116,5484.815999999999,6546.7080000000005,7765.588000000001,47.3973876953125,379.0,9.491825103759766,9.464168548583984,0.0,38.59710693359375
gfshield-10d-2026-v1,distributed-gr-rvnd-iwssr,GR-RVND-IWSSR,distributed,G-FShield,48,gr,rvnd,iwssr,timeout,run_timeout,0.939720717027,0.929394693018,0.94276549616,0.937388888889,0.940107552631,0.929934391353,0.944003506746,0.937152777778,0.93055,18,64.70588235294117,"0,11,16,19,2,20,21,22,23,28,36,41,42,44,47,48,49,7",10,,112,2810.169,16.069,distributed-gr-rvnd-iwssr-s48-4f00886da32f,550bcc410401aa4790ddad5fd6e2c72543ba5c3da0df94cca549f2459268d3a1,10,10,0.9397207,,False,70,4.065899999999999,4.037024999999999,4.4456,5.3883,50.82374999999999,5710.222,5089.304,6346.175,7599.992,46.386669921875004,379.0,13.501644134521484,13.48276138305664,0.0,38.651466369628906
gfshield-10d-2026-v1,distributed-gr-rvnd-iwssr,GR-RVND-IWSSR,distributed,G-FShield,49,gr,rvnd,iwssr,timeout,run_timeout,0.940403624169,0.930743829516,0.946019179866,0.93675,0.939643463256,0.929710032507,0.94509936805,0.936013888889,0.93075,11,78.43137254901961,"13,20,21,22,23,28,36,41,47,49,50",14,,152,2837.571,12.479,distributed-gr-rvnd-iwssr-s49-4308e4f4722b,ace4ebd2e85f686999f4df6a8b8420cbe12cc702b9f14ff549f87b88139df9e1,14,14,0.94040364,,False,71,4.0550999999999995,3.96715,4.80355,6.6472,50.68874999999999,5467.204000000001,5130.062,6062.889999999999,7771.311999999999,47.43232421875,379.0,10.690116882324219,10.65988540649414,0.0,38.65814208984375
gfshield-10d-2026-v1,distributed-gr-vnd-bitflip,GR-VND-BF,distributed,G-FShield,42,gr,vnd,bitflip,timeout,run_timeout,0.910237198729,0.89741806418,0.914897116277,0.907138888889,0.91377587462,0.901306565644,0.918713922372,0.9105,0.901125,5,90.19607843137256,"16,22,23,42,49",5,,0,2790.612,7.949,distributed-gr-vnd-bitflip-s42-80f146809d26,49a203fce005c9d732928546b66c624ae6906cfdbf99c6a096f45420a0fac4f5,5,5,0.9102372,,False,73,2.106,2.0479,2.9802,5.688599999999999,26.325,4841.7519999999995,4593.076,5181.896,5940.495999999999,36.25791015624999,372.0,12.771797180175781,12.755203247070312,0.0,24.211883544921875
gfshield-10d-2026-v1,distributed-gr-vnd-bitflip,GR-VND-BF,distributed,G-FShield,43,gr,vnd,bitflip,timeout,run_timeout,0.846808593434,0.83260949248,0.858205158468,0.840513888889,0.847794669855,0.833654982682,0.85918055948,0.841611111111,0.83605,5,90.19607843137256,"0,22,44,48,8",9,,128,2795.862,9.347,distributed-gr-vnd-bitflip-s43-27ad7d466d90,5807369ce9fb2b76174a726e702d0d840e5947f389fbe4c6b465e1157dd2530a,9,9,0.8468086,,False,71,2.099,2.0564,2.9693499999999995,5.810899999999999,26.237500000000004,4309.052,3892.896,4760.528,5797.004,35.3821044921875,374.0,12.12301254272461,12.10184097290039,0.0,23.83708953857422
gfshield-10d-2026-v1,distributed-gr-vnd-bitflip,GR-VND-BF,distributed,G-FShield,44,gr,vnd,bitflip,timeout,run_timeout,0.86999413665,0.86022503502,0.877131141908,0.866402777778,0.874241138459,0.864100313264,0.8810767385,0.870555555556,0.864575,5,90.19607843137256,"11,3,41,49,7",6,,157,2788.234,7.689,distributed-gr-vnd-bitflip-s44-d02ba3264dc8,b67995ba077d4e3ac9b1afeb68d533086be2d982215d0717d042c053fe4d7d73,6,6,0.86999416,,False,72,2.1129,2.0633250000000003,2.8908500000000004,3.2473,26.411249999999995,4785.859,4358.231000000001,5033.6720000000005,5358.468,32.705493164062496,375.0,13.360404968261719,13.337135314941406,0.0,24.03545379638672
gfshield-10d-2026-v1,distributed-gr-vnd-bitflip,GR-VND-BF,distributed,G-FShield,45,gr,vnd,bitflip,timeout,run_timeout,0.842238172492,0.834021256894,0.854448448455,0.857208333333,0.842351097232,0.834258619502,0.857212134779,0.857416666667,0.8683,5,90.19607843137256,"13,15,2,22,49",6,,148,2784.811,6.07,distributed-gr-vnd-bitflip-s45-1af8cd5df184,159e2a9d0d7ab906b6850cbf6ebb9cf233062f5b522e139717bb755586902098,6,6,0.8422382,,False,72,2.10975,2.050375,2.7061249999999997,6.483,26.371875,4464.005999999999,3963.5299999999997,4774.518,6261.8,38.218994140625,373.0,12.507438659667969,12.460041046142578,0.003910064697265625,24.122238159179688
gfshield-10d-2026-v1,distributed-gr-vnd-bitflip,GR-VND-BF,distributed,G-FShield,46,gr,vnd,bitflip,timeout,run_timeout,0.847490801261,0.84003645535,0.845821104161,0.865347222222,0.847247772176,0.840047781965,0.85143294317,0.864833333333,0.8756,5,90.19607843137256,"1,2,21,28,49",4,,142,2783.282,6.215,distributed-gr-vnd-bitflip-s46-79ac3deb363f,fdfd14da306a73c62129764b38fbc9435dea496386e508ad38a136752a84b10f,4,4,0.8474908,,False,72,2.0877499999999998,2.0477250000000002,2.742575,6.4421,26.096874999999997,4648.7080000000005,4071.8420000000006,5092.281,5914.995999999999,36.10227050781249,373.0,12.528228759765625,12.493133544921875,0.003910064697265625,24.127960205078125
gfshield-10d-2026-v1,distributed-gr-vnd-bitflip,GR-VND-BF,distributed,G-FShield,47,gr,vnd,bitflip,timeout,run_timeout,0.890162554071,0.879155519349,0.904913471609,0.884638888889,0.89061143484,0.879760408088,0.90508659067,0.885208333333,0.884625,5,90.19607843137256,"1,22,48,49,8",4,,75,2784.563,6.854,distributed-gr-vnd-bitflip-s47-0c1acbd81a85,599b09fbc09e6c3fe9ec8f96acbf27be3b9418fc09d532342786211373d0741d,4,4,0.8901625,,False,72,2.16045,2.0607749999999996,2.9257,4.3667,27.005625,4121.164,3735.684,4573.098,5688.771999999999,34.7215087890625,374.0,12.376213073730469,12.35513687133789,0.003910064697265625,24.0478515625
gfshield-10d-2026-v1,distributed-gr-vnd-bitflip,GR-VND-BF,distributed,G-FShield,48,gr,vnd,bitflip,timeout,run_timeout,0.901988501699,0.889258548488,0.907177046004,0.898180555556,0.90172449969,0.888752549632,0.907437883951,0.8975,0.888825,5,90.19607843137256,"13,23,28,41,49",8,,66,2785.578,7.267,distributed-gr-vnd-bitflip-s48-fe9e86b8e734,d50bff4328bf2f3ff5b06af343ccf80072da2963f5b42430af7f9fc1d8b679d3,8,8,0.9019885,,False,72,2.1621999999999995,2.06,2.8987,6.001600000000001,27.027499999999993,4060.237,3579.6485,4900.3634999999995,5620.85,34.30694580078125,374.0,12.292003631591797,12.267875671386719,0.007810592651367187,26.055335998535156
gfshield-10d-2026-v1,distributed-gr-vnd-bitflip,GR-VND-BF,distributed,G-FShield,49,gr,vnd,bitflip,timeout,run_timeout,0.894936975465,0.881446856136,0.909602054716,0.887097222222,0.89284172777,0.879195217548,0.907905344106,0.884694444444,0.880925,5,90.19607843137256,"20,21,22,41,49",8,,126,2786.642,6.862,distributed-gr-vnd-bitflip-s49-ecffbeaf2885,640eee61ad08620f9867eae93802d1e5beecccd6a9c1c6aa11f8ed41bf8b3963,8,8,0.894937,,False,72,2.118,2.03645,2.77545,3.8314999999999997,26.474999999999998,4539.374,4310.0070000000005,4989.985,5962.64,36.39306640625,373.0,12.417888641357422,12.380409240722656,0.0,24.025917053222656
gfshield-10d-2026-v1,distributed-gr-vnd-iwss,GR-VND-IWSS,distributed,G-FShield,42,gr,vnd,iwss,timeout,run_timeout,0.944965249814,0.934786520643,0.944915251579,0.945111111111,0.946015681349,0.936083256323,0.946039174166,0.946138888889,0.935575,9,82.35294117647058,"11,21,23,28,36,42,47,49,5",6,,213,2796.501,9.706,distributed-gr-vnd-iwss-s42-385ccd452418,8e8268ceec58c5d203c9d9a23d5760185eb307985e48bab1e23e212c824df1e8,6,6,0.94496524,,False,72,3.0709,3.00845,3.415375,6.8578,38.38625,4947.32,4577.168000000001,5954.575000000001,6913.076,42.1940673828125,376.0,11.480426788330078,11.460113525390625,0.003910064697265625,31.57329559326172
gfshield-10d-2026-v1,distributed-gr-vnd-iwss,GR-VND-IWSS,distributed,G-FShield,43,gr,vnd,iwss,timeout,run_timeout,0.943048324271,0.933597408317,0.947770709477,0.939986111111,0.945138327021,0.935988460749,0.950497920094,0.941569444444,0.93705,16,68.62745098039215,"0,11,16,19,2,20,21,22,23,28,36,41,42,47,49,8",8,,199,2793.799,15.494,distributed-gr-vnd-iwss-s43-a07ece25865e,1d87d3d2fe19093efbd4dca225145f1206911f4cfcc6f96bd13971eb78a0155d,8,8,0.9430483,,False,73,3.0434,2.9332,3.4563,7.013,38.042500000000004,4883.356000000001,4518.1359999999995,5301.416,5992.448,36.575,375.0,12.49227523803711,12.461662292480469,0.0,31.607627868652344
gfshield-10d-2026-v1,distributed-gr-vnd-iwss,GR-VND-IWSS,distributed,G-FShield,44,gr,vnd,iwss,timeout,run_timeout,0.940951279941,0.930694535785,0.943350418632,0.939069444444,0.941529906729,0.931345641434,0.944449337164,0.939236111111,0.9319,19,62.745098039215684,"0,10,13,19,20,21,22,23,28,36,41,42,44,47,49,5,50,7,8",10,,129,2809.699,19.432,distributed-gr-vnd-iwss-s44-8c31b59f6a3b,868dd9d7d376adc7688e4a978b42b990c2b5d5ab580ce69b3e7455364d9efcb5,10,10,0.9409513,,False,72,3.0881999999999996,3.003075,3.49855,6.584599999999999,38.60249999999999,5175.719999999999,4771.314,5901.909000000001,6825.715999999999,41.6608642578125,375.0,11.31601333618164,11.298179626464844,0.0,33.49876403808594
gfshield-10d-2026-v1,distributed-gr-vnd-iwss,GR-VND-IWSS,distributed,G-FShield,45,gr,vnd,iwss,timeout,run_timeout,0.942684742923,0.932244408037,0.944365473589,0.941152777778,0.941836169145,0.931331165374,0.943618678746,0.940194444444,0.93125,14,72.54901960784314,"0,1,19,21,22,23,28,36,41,47,48,49,5,9",7,,238,2799.686,12.965,distributed-gr-vnd-iwss-s45-948e9e2dfbc7,35991c5c3ad0c8e46e061c9089932d9835d868252518be157d8364876d83ce11,7,7,0.94268477,,False,72,3.0718999999999994,2.9204999999999997,3.501075,6.4711,38.39874999999999,5147.932000000001,4822.570000000001,5632.826999999999,6557.964000000001,40.02663574218751,374.0,11.452960968017578,11.420249938964844,0.003910064697265625,31.8450927734375
gfshield-10d-2026-v1,distributed-gr-vnd-iwss,GR-VND-IWSS,distributed,G-FShield,46,gr,vnd,iwss,timeout,run_timeout,0.941157584257,0.931375139225,0.945772974984,0.937819444444,0.941951206637,0.932302625353,0.947010296829,0.938291666667,0.933025,11,78.43137254901961,"0,1,15,19,21,23,28,36,41,47,49",7,,235,2793.852,11.637,distributed-gr-vnd-iwss-s46-b1ac504bfd77,263f6ddd66107ed0d9daff359ba9973f27727acdb44d1ada8b43bf5535ea1409,7,7,0.9411576,,False,72,3.06785,2.9678999999999998,3.62135,4.0727,38.348124999999996,5111.289999999999,4666.375,5455.355,7019.688000000001,42.844775390625,374.0,11.470603942871094,11.444759368896484,0.0,31.52942657470703
gfshield-10d-2026-v1,distributed-gr-vnd-iwss,GR-VND-IWSS,distributed,G-FShield,47,gr,vnd,iwss,timeout,run_timeout,0.941612372175,0.931539025818,0.945042964874,0.938986111111,0.942459445027,0.932507543922,0.946545593235,0.939305555556,0.933025,16,68.62745098039215,"0,13,19,20,21,22,23,28,36,41,42,44,47,49,50,7",9,,193,2799.384,15.767,distributed-gr-vnd-iwss-s47-166e3cec90f2,4d059d81390d797e3b7b14572bc0b5d4987d13a3a1f7544c9673d84357caf98c,9,9,0.94161236,,False,72,3.0522,2.8862500000000004,3.224775,4.0787,38.1525,5314.799999999999,4974.728,5632.495,6283.952,38.354199218750004,375.0,11.482906341552734,11.461830139160156,0.003910064697265625,31.516075134277344
gfshield-10d-2026-v1,distributed-gr-vnd-iwss,GR-VND-IWSS,distributed,G-FShield,48,gr,vnd,iwss,timeout,run_timeout,0.941047630321,0.930142469205,0.941803060187,0.940333333333,0.942068683424,0.931452800368,0.943185946069,0.941055555556,0.9311,19,62.745098039215684,"0,13,15,17,19,20,21,23,28,36,41,42,44,47,48,49,50,7,8",10,,138,2807.53,19.112,distributed-gr-vnd-iwss-s48-7eb168817d5d,f49b19dd6c0db9f315879b361b634b224a6ea97a723a7d02149d87088cc825a2,10,10,0.9410476,,False,73,3.0504,2.9155,3.4387999999999996,6.3656,38.129999999999995,5034.46,4405.227999999999,5466.411999999999,6250.836000000001,38.152075195312506,373.0,11.725234985351562,11.698150634765625,0.003910064697265625,31.606674194335938
gfshield-10d-2026-v1,distributed-gr-vnd-iwss,GR-VND-IWSS,distributed,G-FShield,49,gr,vnd,iwss,timeout,run_timeout,0.940697664919,0.930721950986,0.944533800261,0.937944444444,0.940792283589,0.930742539259,0.945157316726,0.937625,0.9315,16,68.62745098039215,"0,19,20,21,22,23,28,36,41,42,44,47,48,49,7,9",10,,183,2802.818,14.87,distributed-gr-vnd-iwss-s49-f8d5209f9294,0520f6708c2298d16fea58075948ba3a8238d59961052252182377f39457ad55,10,10,0.94069767,,False,72,3.0501500000000004,2.925625,3.577925,6.4712,38.126875000000005,5005.589,4473.3005,5566.602,6658.008,40.637255859374996,375.0,11.37847900390625,11.350631713867188,0.0,31.62670135498047
gfshield-10d-2026-v1,distributed-gr-vnd-iwssr,GR-VND-IWSSR,distributed,G-FShield,42,gr,vnd,iwssr,timeout,run_timeout,0.942937386162,0.932554185926,0.943933072476,0.942,0.941235850005,0.930444563719,0.942186974354,0.940361111111,0.930225,11,78.43137254901961,"15,16,19,21,23,28,36,41,47,48,49",4,,201,2793.951,11.498,distributed-gr-vnd-iwssr-s42-5b282d3e1e88,91aa3f552b47af7d88c3b8840fdb8639eb2c3aec06738aadd4867f023d6da1f9,4,4,0.9429374,,False,72,2.16545,2.066775,3.0357250000000002,6.5069,27.068125,4352.072,3952.6370000000006,4744.916,5523.6759999999995,33.7138427734375,373.0,12.335968017578125,12.308502197265625,0.003910064697265625,26.113510131835938
gfshield-10d-2026-v1,distributed-gr-vnd-iwssr,GR-VND-IWSSR,distributed,G-FShield,43,gr,vnd,iwssr,timeout,run_timeout,0.933397325231,0.921776832701,0.935732295255,0.931430555556,0.934078767218,0.922547354557,0.936196930799,0.932291666667,0.922075,11,78.43137254901961,"11,16,2,22,23,28,36,41,47,48,49",6,,157,2801.87,15.321,distributed-gr-vnd-iwssr-s43-a50330be2088,c83418db0778dc5d1beee7ca88fe52519e35625a34581b209801117cf3484af5,6,6,0.93339735,,False,72,2.1288,2.0522,2.8861,6.6939,26.61,4757.701999999999,4082.1299999999997,5152.718999999999,5901.628000000001,36.0206787109375,375.0,12.512493133544922,12.479209899902344,0.007810592651367187,24.056434631347656
gfshield-10d-2026-v1,distributed-gr-vnd-iwssr,GR-VND-IWSSR,distributed,G-FShield,44,gr,vnd,iwssr,timeout,run_timeout,0.944428269478,0.934406689076,0.946190517338,0.942833333333,0.944103764921,0.933940216856,0.945659995072,0.942666666667,0.9339,12,76.47058823529412,"0,10,19,21,23,28,36,41,47,48,49,5",6,,202,2799.135,12.339,distributed-gr-vnd-iwssr-s44-0e34f9176c01,a6006d9642c38c59e7e53ac6656e37424d0a08912f66591d9c7dc2ec34234bd4,6,6,0.94442827,,False,72,2.1030499999999996,2.05,2.946225,6.5257999999999985,26.288124999999994,4251.3240000000005,3783.442,4681.589,5260.947999999999,32.110278320312496,374.0,12.331867218017578,12.31069564819336,0.0,24.16515350341797
gfshield-10d-2026-v1,distributed-gr-vnd-iwssr,GR-VND-IWSSR,distributed,G-FShield,45,gr,vnd,iwssr,timeout,run_timeout,0.943106103597,0.93262878559,0.944792180858,0.941569444444,0.941920683032,0.931362746098,0.944010050825,0.940027777778,0.931175,13,74.50980392156863,"1,17,19,21,22,23,28,41,47,48,49,5,9",7,,212,2797.668,13.215,distributed-gr-vnd-iwssr-s45-e360c4ca0dce,7a04772199cad3f194e1db851baead6ae21538a0d42f38c3f0d3af7c99a54aba,7,7,0.9431061,,False,72,2.1179,2.059075,2.99735,6.6669,26.473750000000003,4376.8099999999995,3915.06,4750.348,5568.7080000000005,33.9886962890625,373.0,15.472126007080078,15.45858383178711,0.007810592651367187,25.809288024902344
gfshield-10d-2026-v1,distributed-gr-vnd-iwssr,GR-VND-IWSSR,distributed,G-FShield,46,gr,vnd,iwssr,timeout,run_timeout,0.944736342919,0.934603640242,0.945742283802,0.943777777778,0.944644265346,0.934387102974,0.945726345605,0.943625,0.934175,10,80.3921568627451,"1,15,21,22,23,28,36,41,47,49",6,,217,2799.485,12.562,distributed-gr-vnd-iwssr-s46-1802ac1e3b59,82bb9203915bee5b965d3751769fc596e93bf24a7433bd1e106d4628b0e7d5f9,6,6,0.94473636,,False,72,2.1535499999999996,2.0513,2.6302,6.4794,26.919374999999995,4596.234,4081.0570000000002,4917.700999999999,5269.3679999999995,32.161669921874996,374.0,12.330913543701172,12.310981750488281,0.0,24.114608764648438
gfshield-10d-2026-v1,distributed-gr-vnd-iwssr,GR-VND-IWSSR,distributed,G-FShield,47,gr,vnd,iwssr,timeout,run_timeout,0.930084669805,0.91865741517,0.93229765745,0.928236111111,0.929605094507,0.918193672378,0.931854657861,0.927888888889,0.91775,13,74.50980392156863,"0,19,20,21,22,23,28,36,42,44,47,48,49",7,,195,2800.779,15.81,distributed-gr-vnd-iwssr-s47-e18bf5cba0a0,679d8dcbadb562bec599643c56793d79a03971da7766ac9c446d496fc6924587,7,7,0.93008465,,False,72,2.1363000000000003,2.060275,2.9381,4.043800000000001,26.703750000000003,4285.36,3908.8410000000003,4543.103999999999,5107.2,31.171875,373.0,12.210559844970703,12.192440032958984,0.0,24.10125732421875
gfshield-10d-2026-v1,distributed-gr-vnd-iwssr,GR-VND-IWSSR,distributed,G-FShield,48,gr,vnd,iwssr,timeout,run_timeout,0.941634571575,0.931111297291,0.942896565507,0.940458333333,0.941372021962,0.930617682569,0.942488365553,0.940333333333,0.930475,13,74.50980392156863,"0,15,17,19,20,21,23,28,36,41,47,48,49",7,,196,2800.673,12.465,distributed-gr-vnd-iwssr-s48-2678b882f3ca,264bc11b8ad56c92a6e28d12632b3749695a1e8b741ad9d9c9c6c81125c1da65,7,7,0.9416346,,False,72,2.09305,2.0426249999999997,2.9321,3.9334999999999996,26.163124999999997,4946.001,4670.8115,5227.8385,5880.448,35.89140625,373.0,12.473106384277344,12.443923950195312,0.0,24.064064025878906
gfshield-10d-2026-v1,distributed-gr-vnd-iwssr,GR-VND-IWSSR,distributed,G-FShield,49,gr,vnd,iwssr,timeout,run_timeout,0.942951766823,0.932660515558,0.944842413143,0.94125,0.942417895749,0.931977322465,0.944252071914,0.940736111111,0.931925,12,76.47058823529412,"1,19,21,22,23,28,36,41,47,48,49,9",6,,179,2797.681,10.779,distributed-gr-vnd-iwssr-s49-9453a4a6d45d,90499c7ee88b22950b316a31a7ae5cc877892e51c8ec199461ca80929ca6c58f,6,6,0.94295174,,False,72,2.1262499999999998,2.062525,2.9322749999999997,3.3064999999999998,26.578124999999996,4575.8240000000005,4307.750999999999,4862.166,5689.223999999999,34.724267578124994,374.0,12.588977813720703,12.551212310791016,0.003910064697265625,24.18041229248047
gfshield-10d-2026-v1,distributed-ig-rvnd-bitflip,IG-RVND-BF,distributed,G-FShield,42,ig,rvnd,bitflip,timeout,run_timeout,0.944632209891,0.934284624587,0.945181113857,0.944097222222,0.94460559593,0.934356217234,0.945214159857,0.944013888889,0.93425,13,74.50980392156863,"0,19,20,21,22,23,4,41,42,47,48,49,50",5,,162,2805.584,14.461,distributed-ig-rvnd-bitflip-s42-f270c85bf8b9,4552303f363269fd1fc9d0f3821ae3f9cd2e79d92456332588ba9dcbcc3b29dd,5,5,0.94463223,,False,72,4.110150000000001,4.013475,4.87185,6.010800000000001,51.37687500000001,5857.6900000000005,5344.664,6464.616,7808.856,47.661474609375,378.0,11.655902862548828,11.636066436767578,0.007810592651367187,38.87748718261719
gfshield-10d-2026-v1,distributed-ig-rvnd-bitflip,IG-RVND-BF,distributed,G-FShield,43,ig,rvnd,bitflip,timeout,run_timeout,0.94240752862,0.932016754274,0.944240293857,0.94075,0.94221888972,0.931715075404,0.94409716841,0.9405,0.931675,12,76.47058823529412,"1,19,21,22,23,36,41,47,48,49,6,9",8,,106,2795.23,11.376,distributed-ig-rvnd-bitflip-s43-372aad272552,96d1f70c521f6ae04243e6945a1db4fc9e399da4121081d56749f179f0c65f40,8,8,0.94240755,,False,71,4.0752999999999995,4.0156,4.873150000000001,6.0996,50.94125,5885.7,5453.192,6358.304,7633.407999999999,46.590624999999996,380.0,10.004997253417969,9.978294372558594,0.0,38.74492645263672
gfshield-10d-2026-v1,distributed-ig-rvnd-bitflip,IG-RVND-BF,distributed,G-FShield,44,ig,rvnd,bitflip,timeout,run_timeout,0.946377691185,0.936438264335,0.947726493645,0.945138888889,0.946218511647,0.936259994433,0.94753805136,0.944986111111,0.936225,10,80.3921568627451,"19,21,22,23,3,41,47,48,49,50",8,,135,2797.165,13.331,distributed-ig-rvnd-bitflip-s44-f71bd42b44d7,4de33d9d58e400d5a2bb743d58734c6bc84a110166bebd1f9648fa9bc2d78c00,8,8,0.9463777,,False,72,4.0852,4.024725000000001,4.8809249999999995,6.9091,51.065000000000005,5497.261999999999,5075.519,6177.278,7079.22,43.2081298828125,380.0,10.042285919189453,10.020256042480469,0.0,38.893699645996094
gfshield-10d-2026-v1,distributed-ig-rvnd-bitflip,IG-RVND-BF,distributed,G-FShield,45,ig,rvnd,bitflip,timeout,run_timeout,0.942198166938,0.931240956335,0.942541640983,0.941875,0.942757617899,0.932158757149,0.943324699815,0.942222222222,0.931975,14,72.54901960784314,"0,11,17,19,20,21,22,23,41,42,47,48,49,50",10,,72,2806.416,16.239,distributed-ig-rvnd-bitflip-s45-7aabb2946d21,b6d83a729a670721c4becbac815983a3d429fa197cb04fbd4b24d8acc809bad8,10,10,0.94219816,,False,72,4.11135,4.02365,4.905875,5.5066,51.391875,5657.554,5177.856000000001,6076.894,6752.78,41.2156982421875,379.5,9.865856170654297,9.84354019165039,0.003910064697265625,42.25635528564453
gfshield-10d-2026-v1,distributed-ig-rvnd-bitflip,IG-RVND-BF,distributed,G-FShield,46,ig,rvnd,bitflip,timeout,run_timeout,0.942193338083,0.932333736466,0.945654625811,0.939625,0.942235668582,0.932464823098,0.946288412054,0.939208333333,0.93315,15,70.58823529411765,"0,14,16,19,20,21,22,23,3,41,42,47,48,49,7",9,,177,2799.07,13.095,distributed-ig-rvnd-bitflip-s46-34fcdabd3b4a,cce960732bfe6eb289531e3eac2f1b27a8812a9385825ed6d595ed45ed8b2470,9,9,0.9421933,,False,72,4.1278500000000005,4.043025,4.792125,7.0218,51.598125,5982.821999999999,5198.838,6770.422000000001,8088.532,49.368481445312504,377.0,9.809207916259766,9.781265258789062,0.0,38.931846618652344
gfshield-10d-2026-v1,distributed-ig-rvnd-bitflip,IG-RVND-BF,distributed,G-FShield,47,ig,rvnd,bitflip,timeout,run_timeout,0.944131853593,0.933865236527,0.945093824287,0.943222222222,0.943940945046,0.933632273011,0.945235395529,0.94275,0.933375,11,78.43137254901961,"0,13,19,21,22,23,41,42,47,48,49",8,,143,2798.337,13.428,distributed-ig-rvnd-bitflip-s47-20fa184d91bc,1de8c2df9080b0a1290531bee87c7dd3ee21b1791a8fedbb92bd9fdd70b3c118,8,8,0.94413185,,False,72,4.1041,4.032825,4.762775,5.1297999999999995,51.301249999999996,6234.317999999999,5908.7080000000005,6516.109,7411.256,45.234716796875,378.0,11.036491394042969,11.02132797241211,0.0,38.91563415527344
gfshield-10d-2026-v1,distributed-ig-rvnd-bitflip,IG-RVND-BF,distributed,G-FShield,48,ig,rvnd,bitflip,timeout,run_timeout,0.944105469009,0.933855415935,0.945431586642,0.942875,0.943805800808,0.933448670279,0.945289746759,0.942444444444,0.9333,11,78.43137254901961,"0,13,19,20,21,22,23,41,47,48,49",8,,57,2801.246,12.721,distributed-ig-rvnd-bitflip-s48-e60aeeb852fd,c9f0d1ba09c65e75da3bbae186cb57acb6772bc61531498555516efb67b36b9e,8,8,0.94410545,,False,72,4.0884,4.04075,4.6796750000000005,5.7621,51.105000000000004,5802.121999999999,5350.117,6112.036,7215.976,44.042822265625,378.0,10.092830657958984,10.071945190429688,0.0,41.11671447753906
gfshield-10d-2026-v1,distributed-ig-rvnd-bitflip,IG-RVND-BF,distributed,G-FShield,49,ig,rvnd,bitflip,timeout,run_timeout,0.942968477436,0.933077510628,0.946526926178,0.940388888889,0.942878918969,0.933173584023,0.94683014126,0.939972222222,0.933925,13,74.50980392156863,"16,19,21,22,23,4,41,42,47,48,49,7,9",8,,146,2803.436,14.097,distributed-ig-rvnd-bitflip-s49-dfc5ec61b925,5fe269b565ddf17e0d746a75d11c99db19f421f28ef403c7c2d5dba6f70eece0,8,8,0.9429685,,False,72,4.078900000000001,4.0022,4.893174999999999,5.272,50.98625000000001,5877.164000000001,5502.768,6416.2570000000005,7752.519999999999,47.31762695312499,381.0,12.04671859741211,12.025928497314453,0.011730194091796875,38.863182067871094
gfshield-10d-2026-v1,distributed-ig-rvnd-iwss,IG-RVND-IWSS,distributed,G-FShield,42,ig,rvnd,iwss,timeout,run_timeout,0.944228096838,0.9341320797,0.94534881764,0.943208333333,0.944516669392,0.934507807788,0.946289612291,0.942902777778,0.934475,14,72.54901960784314,"0,15,16,19,20,21,22,23,41,42,47,48,49,8",8,,224,2800.739,14.258,distributed-ig-rvnd-iwss-s42-2e4f2ad5b00c,c9ad2e240ce543febe1190b218594cb7fa0b5cb7972f69c3d898e7f3b5afda45,8,8,0.9442281,,False,72,4.08165,4.032599999999999,4.798225,5.342,51.020624999999995,5652.174,5291.2119999999995,6103.027000000001,7681.868,46.8864013671875,377.0,9.701728820800781,9.681129455566406,0.0,38.849830627441406
gfshield-10d-2026-v1,distributed-ig-rvnd-iwss,IG-RVND-IWSS,distributed,G-FShield,43,ig,rvnd,iwss,timeout,run_timeout,0.943378335917,0.933185490612,0.944630527974,0.942236111111,0.94184465385,0.931367637898,0.943350710256,0.940458333333,0.93125,15,70.58823529411765,"0,10,11,17,19,20,21,22,23,41,42,47,48,49,8",13,,95,2803.489,15.02,distributed-ig-rvnd-iwss-s43-9023713e9b98,0d407dac1eef0d85dad3cadd944ddac3b031f522346761246fb034622d142db2,13,13,0.9433783,,False,72,4.06875,3.9865000000000004,4.835425,6.8364,50.85937499999999,5557.312,5073.327,6187.214999999999,7035.2080000000005,42.939501953125,379.0,10.185050964355469,10.15167236328125,0.066375732421875,38.867950439453125
gfshield-10d-2026-v1,distributed-ig-rvnd-iwss,IG-RVND-IWSS,distributed,G-FShield,44,ig,rvnd,iwss,timeout,run_timeout,0.941974544807,0.931258705457,0.942537458985,0.941430555556,0.942125342281,0.931525055481,0.943340036114,0.941013888889,0.931225,9,82.35294117647058,"1,16,19,21,22,41,42,47,49",10,,197,2813.953,10.388,distributed-ig-rvnd-iwss-s44-cd72cdc5652d,3b8dadf1ab0bcc8ff8cb5a29a2a5929da2ba764b436453ddbcd4a109b821edad,10,10,0.9419745,,False,73,4.097599999999999,4.040300000000001,4.8340000000000005,6.382600000000001,51.219999999999985,5650.000000000001,4904.128,6247.727999999999,7561.584000000001,46.15224609375,377.0,9.938240051269531,9.918880462646484,0.003910064697265625,38.918495178222656
gfshield-10d-2026-v1,distributed-ig-rvnd-iwss,IG-RVND-IWSS,distributed,G-FShield,45,ig,rvnd,iwss,timeout,run_timeout,0.943953323447,0.933609126761,0.944659630623,0.943277777778,0.942964229938,0.932598256792,0.944145320842,0.941861111111,0.93245,15,70.58823529411765,"0,12,14,15,16,19,20,21,22,23,41,42,47,48,49",9,,196,2809.144,16.109,distributed-ig-rvnd-iwss-s45-3b05a4266071,9d2039231c6bdcba3e871fbd14c9f628c0fca3be40cae0c5fe458e7d5a2c244d,9,9,0.94395334,,False,73,4.099799999999999,4.0156,4.8976999999999995,6.4998,51.24749999999999,5645.772,5255.424000000001,6035.96,6708.092,40.9429443359375,378.0,10.164260864257812,10.132408142089844,0.0,38.89942169189453
gfshield-10d-2026-v1,distributed-ig-rvnd-iwss,IG-RVND-IWSS,distributed,G-FShield,46,ig,rvnd,iwss,timeout,run_timeout,0.944753776889,0.934665448591,0.946745349382,0.943027777778,0.945354064172,0.935403928124,0.947638432852,0.943333333333,0.935425,10,80.3921568627451,"19,21,22,23,41,47,48,49,6,8",7,,129,2798.309,11.952,distributed-ig-rvnd-iwss-s46-b8c6c20e4411,62bd93464ba36b9ef8cea2de5314a67793859f07d50fe66f0fc2655aba280226,7,7,0.94475377,,False,71,4.0832,4.0288,4.85675,5.1828,51.04,5652.624,5256.491999999999,6024.946,6893.92,42.0771484375,376.0,9.720897674560547,9.694480895996094,0.003910064697265625,38.78593444824219
gfshield-10d-2026-v1,distributed-ig-rvnd-iwss,IG-RVND-IWSS,distributed,G-FShield,47,ig,rvnd,iwss,timeout,run_timeout,0.943431743945,0.933954790286,0.948187102919,0.940236111111,0.942818218335,0.933339644844,0.947637591007,0.939486111111,0.9343,11,78.43137254901961,"0,19,20,21,22,23,41,42,47,49,9",10,,168,2797.415,12.426,distributed-ig-rvnd-iwss-s47-f04331c8a498,e7263f065da5ed71d4910ba46ecf14b0a16389396a0017c48a4e81095d07fc01,10,10,0.94343174,,False,72,4.110149999999999,4.03675,4.686325,5.4349,51.37687499999999,5445.476000000001,4967.423,5769.277999999999,7045.168,43.000292968749996,379.0,9.676837921142578,9.640979766845703,0.0,38.944244384765625
gfshield-10d-2026-v1,distributed-ig-rvnd-iwss,IG-RVND-IWSS,distributed,G-FShield,48,ig,rvnd,iwss,timeout,run_timeout,0.943327758347,0.932926648767,0.944209173834,0.9425,0.942911961814,0.932459024567,0.944060691683,0.941833333333,0.9324,16,68.62745098039215,"0,17,19,2,20,21,22,23,41,42,47,48,49,50,7,8",10,,102,2804.88,16.086,distributed-ig-rvnd-iwss-s48-b35b95bc1066,772f5763e97095f198d0d983b033e09e5e7ade213181856794be0560cb577bb9,10,10,0.9433278,,False,72,4.0728,4.01345,4.831250000000001,5.174499999999999,50.91,5380.288,5010.514999999999,5778.619,6832.756,41.7038330078125,380.0,9.726142883300781,9.686660766601562,0.0,42.321205139160156
gfshield-10d-2026-v1,distributed-ig-rvnd-iwss,IG-RVND-IWSS,distributed,G-FShield,49,ig,rvnd,iwss,timeout,run_timeout,0.94221601896,0.932353237052,0.945902509856,0.939527777778,0.942244932595,0.932458756084,0.946624133643,0.938986111111,0.933125,14,72.54901960784314,"0,14,15,19,20,21,22,23,41,42,47,48,49,7",7,,159,2798.164,13.915,distributed-ig-rvnd-iwss-s49-5cc37af9a8dc,4e32513c427d895f6ea85f6a30f9d3648701fd9d4369fe43f5c087682d1a0e68,7,7,0.94221604,,False,72,4.056299999999999,4.0108500000000005,4.680399999999999,5.0853,50.70374999999999,5671.56,5039.251,6130.671,7070.455999999999,43.154638671875,377.0,9.927654266357422,9.903526306152344,0.0,38.918495178222656
gfshield-10d-2026-v1,distributed-ig-rvnd-iwssr,IG-RVND-IWSSR,distributed,G-FShield,42,ig,rvnd,iwssr,timeout,run_timeout,0.941438280578,0.931793078073,0.946111686636,0.938222222222,0.941965492642,0.932266590927,0.947199698019,0.938333333333,0.933175,17,66.66666666666666,"0,10,16,19,20,21,22,23,28,36,41,42,47,48,49,50,8",9,,208,2802.672,16.042,distributed-ig-rvnd-iwssr-s42-5c9637124b40,501435b15502f4d9de5b446bd2a430c24d03eaa9863833d040e378eca5f295de,9,9,0.94143826,,False,72,4.083200000000001,4.023525,4.873074999999999,5.0578,51.040000000000006,5564.838,5125.551,6048.794,7060.868,43.0961181640625,378.0,9.492206573486328,9.465408325195312,0.0,38.94519805908203
gfshield-10d-2026-v1,distributed-ig-rvnd-iwssr,IG-RVND-IWSSR,distributed,G-FShield,43,ig,rvnd,iwssr,timeout,run_timeout,0.944192535762,0.933865888608,0.944623101069,0.943777777778,0.942948628641,0.932354151493,0.943575139648,0.942347222222,0.9322,14,72.54901960784314,"0,19,20,21,22,23,3,41,42,47,48,49,6,7",11,,183,2796.46,13.589,distributed-ig-rvnd-iwssr-s43-cb4aa1a499fc,1248ac33ef178978239edeb2a5e3e73339b47411d6996a2d6a096e6bf800ffec,11,11,0.9441925,,False,72,4.1097,4.0169500000000005,4.77315,5.1517,51.37125,5869.24,5183.2699999999995,6463.746000000001,7532.183999999999,45.972802734374994,378.0,12.953662872314453,12.920951843261719,0.0,38.969993591308594
gfshield-10d-2026-v1,distributed-ig-rvnd-iwssr,IG-RVND-IWSSR,distributed,G-FShield,44,ig,rvnd,iwssr,timeout,run_timeout,0.94457282794,0.934297352054,0.945441668267,0.94375,0.94301734008,0.932445493629,0.943854360343,0.942236111111,0.93225,13,74.50980392156863,"0,13,19,20,21,22,23,41,42,47,48,49,9",11,,180,2795.052,13.141,distributed-ig-rvnd-iwssr-s44-ef7a7cfea686,3126afd5e98bbfeedb4de2a74ac359b79a776457cb5667547f404767d580f070,11,11,0.9445728,,False,72,4.10955,4.024475,4.922299999999999,6.5829,51.369375,5345.294,4973.342000000001,5790.745,7053.004,43.0481201171875,377.0,9.693336486816406,9.66348648071289,0.0156402587890625,38.944244384765625
gfshield-10d-2026-v1,distributed-ig-rvnd-iwssr,IG-RVND-IWSSR,distributed,G-FShield,45,ig,rvnd,iwssr,timeout,run_timeout,0.942031692809,0.931465789376,0.942854580088,0.94125,0.941055282246,0.930266597949,0.942437493497,0.939791666667,0.930025,14,72.54901960784314,"0,12,13,19,2,20,21,22,23,41,42,47,48,49",8,,204,2800.807,15.559,distributed-ig-rvnd-iwssr-s45-4392620bec90,53ab76aa8a1e7e774c811fea8dd52842ef845c68ed450cd606f65dc404db0b32,8,8,0.9420317,,False,72,4.13525,4.042825000000001,4.923625,6.5033,51.690625000000004,5891.186,5401.521,6385.129,7132.18,43.5313720703125,377.0,9.656810760498047,9.611701965332031,0.0,38.99383544921875
gfshield-10d-2026-v1,distributed-ig-rvnd-iwssr,IG-RVND-IWSSR,distributed,G-FShield,46,ig,rvnd,iwssr,timeout,run_timeout,0.945697933455,0.935617530853,0.946330350383,0.945097222222,0.94521657616,0.935094943375,0.945902811801,0.944555555556,0.935075,13,74.50980392156863,"0,19,20,21,22,23,4,41,42,47,48,49,6",9,,162,2805.745,14.185,distributed-ig-rvnd-iwssr-s46-63526c7b2d53,dc245e059c0fd5dc32cdea0cc7b148ed9468f8eec0062784608ab8df52938f89,9,9,0.94569796,,False,72,4.1003,4.024925,4.729475,5.155400000000001,51.25375,6194.366,5684.04,6720.818,7623.8679999999995,46.532397460937496,377.0,9.975719451904297,9.93490219116211,0.0,38.95282745361328
gfshield-10d-2026-v1,distributed-ig-rvnd-iwssr,IG-RVND-IWSSR,distributed,G-FShield,47,ig,rvnd,iwssr,timeout,run_timeout,0.94292975929,0.93236898949,0.943569131851,0.942319444444,0.941507762665,0.9306820361,0.942349876901,0.940722222222,0.930475,14,72.54901960784314,"0,12,15,19,20,21,22,23,41,42,47,48,49,6",9,,174,2802.658,15.744,distributed-ig-rvnd-iwssr-s47-6f08cf7bc759,787a7d69ca80645935090ad83976ab6183fe119dbfcc884f4ac57dbc0c8a15ce,9,9,0.94292974,,False,72,4.083199999999999,4.021025,4.6674,5.1549,51.039999999999985,6130.445000000001,5828.351,6412.7840000000015,7516.812,45.8789794921875,376.0,9.878158569335938,9.83734130859375,0.0,38.933753967285156
gfshield-10d-2026-v1,distributed-ig-rvnd-iwssr,IG-RVND-IWSSR,distributed,G-FShield,48,ig,rvnd,iwssr,timeout,run_timeout,0.939761116807,0.929603482797,0.943274063528,0.937166666667,0.940379398205,0.930394036261,0.944520897217,0.937305555556,0.9311,18,64.70588235294117,"0,11,12,19,20,21,22,23,28,36,41,42,47,48,49,50,7,8",8,,145,2802.246,16.247,distributed-ig-rvnd-iwssr-s48-4128a037133d,13ec3c2e9875217536b8b2f29b90fab53abd442ed4e67e0dce5504a00d740a3f,8,8,0.9397611,,False,72,4.068149999999999,4.0264,4.9124,6.6901,50.85187499999999,5514.43,4884.615,6156.119,7929.612000000001,48.398510742187504,378.0,9.902763366699219,9.876537322998047,0.003910064697265625,39.26372528076172
gfshield-10d-2026-v1,distributed-ig-rvnd-iwssr,IG-RVND-IWSSR,distributed,G-FShield,49,ig,rvnd,iwssr,timeout,run_timeout,0.940740062343,0.930870914311,0.945230616789,0.937819444444,0.940238615035,0.930269082497,0.944745238322,0.937194444444,0.931275,14,72.54901960784314,"0,19,20,21,22,23,28,41,42,47,48,49,8,9",11,,165,2797.506,13.303,distributed-ig-rvnd-iwssr-s49-d612a436a503,95582c7d232b944c72bdf2b4b86890d77cff28d67fbb544bcfcde7667dcfff5b,11,11,0.94074005,,False,72,4.052399999999999,3.9806999999999997,4.816950000000001,5.7685,50.65499999999999,5611.3060000000005,5205.913,6108.379000000001,7323.000000000001,44.69604492187501,378.0,9.812545776367188,9.772491455078125,0.0,38.916587829589844
gfshield-10d-2026-v1,distributed-ig-vnd-bitflip,IG-VND-BF,distributed,G-FShield,42,ig,vnd,bitflip,timeout,run_timeout,0.921529798339,0.910067851529,0.929126518492,0.916305555556,0.923629613243,0.912702934482,0.93147571357,0.918194444444,0.913125,5,90.19607843137256,"22,47,49,6,9",5,,124,2782.11,6.236,distributed-ig-vnd-bitflip-s42-601b00645246,3a56d488f264fffe6b744616fb51ba9293c9d4b929ec30b491ff5ae605c8e286,5,5,0.92152977,,False,73,2.1335,2.0628000000000006,2.8695,6.4581,26.668750000000003,4819.4400000000005,4400.24,5270.187999999999,5976.092000000001,36.475170898437504,374.0,12.59012222290039,12.563133239746094,0.007810592651367187,24.19757843017578
gfshield-10d-2026-v1,distributed-ig-vnd-bitflip,IG-VND-BF,distributed,G-FShield,43,ig,vnd,bitflip,timeout,run_timeout,0.84237062798,0.829948006777,0.849171734822,0.8385,0.84164354795,0.829068067454,0.84847031687,0.838097222222,0.82925,5,90.19607843137256,"12,2,41,49,6",4,,130,2791.624,9.167,distributed-ig-vnd-bitflip-s43-4f8c7b89d478,8a6f18cb5cb530a81984355502f7ab89c572848186accaecb2d70eda04a3c8a9,4,4,0.8423706,,False,72,2.1174,2.05945,2.8328499999999996,5.9887,26.4675,5021.236000000001,4674.277,5324.36,5941.392,36.26337890625,373.0,12.302875518798828,12.269020080566406,0.0,24.094581604003906
gfshield-10d-2026-v1,distributed-ig-vnd-bitflip,IG-VND-BF,distributed,G-FShield,44,ig,vnd,bitflip,timeout,run_timeout,0.875274067806,0.865237259725,0.881588077037,0.871486111111,0.875055420927,0.86503553849,0.881334625208,0.871194444444,0.865125,5,90.19607843137256,"36,4,48,49,9",5,,0,2781.948,6.117,distributed-ig-vnd-bitflip-s44-e2992c1a1205,82140437b13e465a6c7432563c2a5135b30b1cf463c6f063b9db39a2b2f38eda,5,5,0.87527406,,False,72,2.1862500000000002,2.05945,2.9341,5.6239,27.328125000000004,4412.3060000000005,4030.5570000000002,4692.912,5742.792,35.051220703125004,374.0,12.357616424560547,12.339019775390625,0.003910064697265625,24.079322814941406
gfshield-10d-2026-v1,distributed-ig-vnd-bitflip,IG-VND-BF,distributed,G-FShield,45,ig,vnd,bitflip,timeout,run_timeout,0.886853993948,0.875117303348,0.893154411584,0.883138888889,0.886206705649,0.874428516332,0.89281413476,0.882361111111,0.8748,5,90.19607843137256,"28,4,41,49,8",6,,122,2787.78,6.843,distributed-ig-vnd-bitflip-s45-4b54db96a882,4279589169a03ab677f35e5ebea52fdf7c7b04e7d1701958de8024c0f1f027a7,6,6,0.886854,,False,73,2.1371999999999995,2.0559,2.8196,3.6759,26.714999999999993,4761.740000000001,4360.068,5213.859999999999,5980.256,36.5005859375,374.0,14.655399322509766,14.61782455444336,0.0,19.204139709472656
gfshield-10d-2026-v1,distributed-ig-vnd-bitflip,IG-VND-BF,distributed,G-FShield,46,ig,vnd,bitflip,timeout,run_timeout,0.857398812332,0.845873553607,0.868411669333,0.852166666667,0.85921042937,0.847538120254,0.871579631411,0.853125,0.850275,5,90.19607843137256,"14,20,4,41,49",3,,131,2789.027,9.735,distributed-ig-vnd-bitflip-s46-0151d5887102,767ec9bc2f2273a27436db5a4d6473cbcd277e722301ac30a71dfb77ef7cfec5,3,3,0.8573988,,False,72,2.13535,2.071125,2.907025,6.5729,26.691875,4524.052,4165.474999999999,4965.3279999999995,6249.127999999999,38.141650390624996,374.0,12.444210052490234,12.399482727050781,0.003910064697265625,24.069786071777344
gfshield-10d-2026-v1,distributed-ig-vnd-bitflip,IG-VND-BF,distributed,G-FShield,47,ig,vnd,bitflip,timeout,run_timeout,0.851940653609,0.841938733832,0.875820424206,0.863722222222,0.85005660764,0.840138666174,0.870301598212,0.861736111111,0.870525,5,90.19607843137256,"0,22,28,49,8",5,,136,2790.23,6.036,distributed-ig-vnd-bitflip-s47-2f284f40b48c,bf5f3719ab6b47894cdf8a9f8afac271fe3650ba475c7f717923120e80299dfe,5,5,0.85194063,,False,72,2.1101,2.0543,2.9899999999999993,6.7104,26.376250000000002,4849.58,4531.294,5271.552000000001,6035.548,36.838061523437496,376.0,12.622833251953125,12.598800659179688,0.0,24.190902709960938
gfshield-10d-2026-v1,distributed-ig-vnd-bitflip,IG-VND-BF,distributed,G-FShield,48,ig,vnd,bitflip,timeout,run_timeout,0.91749457465,0.906648256143,0.920725043737,0.915319444444,0.915515721099,0.904972161712,0.918926351428,0.913305555556,0.90475,5,90.19607843137256,"36,41,47,49,9",7,,137,2781.431,5.96,distributed-ig-vnd-bitflip-s48-92a4f0ee494f,fa84a870c890f67d0e4c716561093e429c7380be0d6c7f530e938b72cc423dd8,7,7,0.9174946,,False,72,2.1180000000000003,2.062025,2.876375,6.544099999999999,26.475000000000005,4805.868,4382.704,5198.705,6067.772,37.0347412109375,374.0,12.554073333740234,12.530899047851562,0.003910064697265625,24.077415466308594
gfshield-10d-2026-v1,distributed-ig-vnd-bitflip,IG-VND-BF,distributed,G-FShield,49,ig,vnd,bitflip,timeout,run_timeout,0.84723596731,0.838519896077,0.865452149694,0.861166666667,0.84663966467,0.838090175322,0.864488760245,0.860666666667,0.871175,5,90.19607843137256,"15,2,22,49,7",2,,138,2793.937,6.921,distributed-ig-vnd-bitflip-s49-b851d1156b08,eb9c5e2e93a5c1ae7637518c881ba0a226c7b73bb9b42ffc26ada036f8dc529e,2,2,0.847236,,False,72,2.19195,2.06445,3.015575,6.822699999999999,27.399375,4168.476000000001,3756.362,4734.532999999999,5777.608,35.263720703125,375.0,12.546348571777344,12.530231475830078,0.011730194091796875,24.105072021484375
gfshield-10d-2026-v1,distributed-ig-vnd-iwss,IG-VND-IWSS,distributed,G-FShield,42,ig,vnd,iwss,timeout,run_timeout,0.944228096838,0.9341320797,0.94534881764,0.943208333333,0.944516669392,0.934507807788,0.946289612291,0.942902777778,0.934475,14,72.54901960784314,"0,15,16,19,20,21,22,23,41,42,47,48,49,8",6,,230,2837.323,14.405,distributed-ig-vnd-iwss-s42-1aa605464596,33cc3f5515d0ebb60c41f3f8a07b3b3b7504f5a7f29b28bda14dcc0eb467fc1f,6,5,0.9442281,,False,72,3.0557499999999997,2.95845,3.5265,6.822299999999999,38.196875,5510.534,4899.851,5888.672,6766.883999999999,41.301782226562494,376.0,11.742115020751953,11.71722412109375,0.0,31.55803680419922
gfshield-10d-2026-v1,distributed-ig-vnd-iwss,IG-VND-IWSS,distributed,G-FShield,43,ig,vnd,iwss,timeout,run_timeout,0.944192535762,0.933865888608,0.944623101069,0.943777777778,0.942948628641,0.932354151493,0.943575139648,0.942347222222,0.9322,14,72.54901960784314,"0,19,20,21,22,23,3,41,42,47,48,49,6,7",11,,191,2802.693,13.879,distributed-ig-vnd-iwss-s43-2e6e9a150453,88f91273d50f95242d126c348a7636db50a649e7dcdcd87344d356ba179b1871,11,11,0.9441925,,False,72,3.0474499999999995,2.6582749999999997,3.3241999999999994,5.3021,38.09312499999999,5104.710000000001,4817.912,5420.484,6795.236000000001,41.474829101562506,375.0,17.074203491210938,17.041969299316406,0.0,31.556129455566406
gfshield-10d-2026-v1,distributed-ig-vnd-iwss,IG-VND-IWSS,distributed,G-FShield,44,ig,vnd,iwss,timeout,run_timeout,0.943845222994,0.933310010653,0.944494121379,0.943222222222,0.944596317358,0.934309840403,0.944991616742,0.944208333333,0.93425,14,72.54901960784314,"0,12,17,19,20,21,22,23,41,42,47,48,49,50",7,,188,2811.295,17.938,distributed-ig-vnd-iwss-s44-34205b7383c4,83913f31e90b5b85257c41f1825fae24d0a3d7427087db75a651243121806231,7,7,0.9438452,,False,72,3.0411499999999996,2.9373250000000004,3.429425,5.821000000000001,38.014374999999994,4820.053999999999,4399.63,5152.202000000001,6285.311999999999,38.3625,375.0,11.530303955078125,11.501502990722656,0.0,31.51416778564453
gfshield-10d-2026-v1,distributed-ig-vnd-iwss,IG-VND-IWSS,distributed,G-FShield,45,ig,vnd,iwss,timeout,run_timeout,0.943953323447,0.933609126761,0.944659630623,0.943277777778,0.942964229938,0.932598256792,0.944145320842,0.941861111111,0.93245,15,70.58823529411765,"0,12,14,15,16,19,20,21,22,23,41,42,47,48,49",7,,129,2813.254,16.151,distributed-ig-vnd-iwss-s45-40ba317f3639,7488d52cf654853897de20896f0faa752bee79f5e6790b0dc470fa857ef17a12,7,7,0.94395334,,False,72,3.03305,2.89935,3.277825,4.848400000000001,37.913125,5239.568,4849.592000000001,5610.251,6760.9439999999995,41.265527343749994,375.0,11.728858947753906,11.69748306274414,0.0,31.546592712402344
gfshield-10d-2026-v1,distributed-ig-vnd-iwss,IG-VND-IWSS,distributed,G-FShield,46,ig,vnd,iwss,timeout,run_timeout,0.944753776889,0.934665448591,0.946745349382,0.943027777778,0.945354064172,0.935403928124,0.947638432852,0.943333333333,0.935425,10,80.3921568627451,"19,21,22,23,41,47,48,49,6,8",8,,229,2813.946,10.732,distributed-ig-vnd-iwss-s46-f37bbd43c9ff,c4d6e009b906f1067118e4936fb078397a9c98946d01204310944ec2a39d6fc8,8,8,0.94475377,,False,72,3.0814999999999992,2.440375,3.2999249999999996,6.4411000000000005,38.51874999999999,5454.082,5030.491,5761.945,7089.248,43.269335937499996,377.0,11.92007064819336,11.895179748535156,0.003910064697265625,31.441688537597656
gfshield-10d-2026-v1,distributed-ig-vnd-iwss,IG-VND-IWSS,distributed,G-FShield,47,ig,vnd,iwss,timeout,run_timeout,0.943082645791,0.933025482534,0.94499553065,0.941458333333,0.943799684527,0.933909736217,0.946169296962,0.941736111111,0.934075,15,70.58823529411765,"0,19,20,21,23,28,36,41,42,47,48,49,50,7,8",9,,209,2802.441,15.141,distributed-ig-vnd-iwss-s47-c0de9eeee27c,e2079d426dd3930677c776d802e95ee065a987708f638f9cd586ecbd1172363d,9,9,0.94308263,,False,72,3.05365,2.953525,3.44335,4.5531,38.170625,4862.548,4303.666,5187.650000000001,5948.383999999999,36.306054687499994,376.0,11.784172058105469,11.769294738769531,0.003910064697265625,31.495094299316406
gfshield-10d-2026-v1,distributed-ig-vnd-iwss,IG-VND-IWSS,distributed,G-FShield,48,ig,vnd,iwss,timeout,run_timeout,0.943327758347,0.932926648767,0.944209173834,0.9425,0.942911961814,0.932459024567,0.944060691683,0.941833333333,0.9324,16,68.62745098039215,"0,17,19,2,20,21,22,23,41,42,47,48,49,50,7,8",11,,130,2810.777,16.63,distributed-ig-vnd-iwss-s48-2a605c65a562,61e17287139f8b440b4e75da54fb5ee049c24f50b89d22648fbf09581a29e988,11,11,0.9433278,,False,73,3.0623,3.0080999999999998,3.5932999999999997,6.1987000000000005,38.27875,5050.588,4799.608000000001,5507.996000000001,6710.348000000001,40.9567138671875,374.0,12.54568099975586,12.515640258789062,0.007810592651367187,32.881736755371094
gfshield-10d-2026-v1,distributed-ig-vnd-iwss,IG-VND-IWSS,distributed,G-FShield,49,ig,vnd,iwss,timeout,run_timeout,0.94221601896,0.932353237052,0.945902509856,0.939527777778,0.942244932595,0.932458756084,0.946624133643,0.938986111111,0.933125,14,72.54901960784314,"0,14,15,19,20,21,22,23,41,42,47,48,49,7",7,,139,2800.522,13.802,distributed-ig-vnd-iwss-s49-8614578cc49f,b7687b20b1bde53a5e85264f7a7701a0e3a0680dd55c3ab9376d65ef5ad7a35c,7,7,0.94221604,,False,72,3.07015,2.988,3.4819499999999994,4.109500000000001,38.376875,5246.072,5008.3009999999995,5600.6449999999995,5983.068000000001,36.51774902343751,374.0,12.508106231689453,12.46805191040039,0.011730194091796875,31.516075134277344
gfshield-10d-2026-v1,distributed-ig-vnd-iwssr,IG-VND-IWSSR,distributed,G-FShield,42,ig,vnd,iwssr,timeout,run_timeout,0.944859171532,0.934602622936,0.946162170474,0.943652777778,0.94460177105,0.934326719549,0.945824350394,0.943458333333,0.93415,12,76.47058823529412,"0,19,2,20,21,22,23,41,42,47,48,49",4,,205,2800.98,15.073,distributed-ig-vnd-iwssr-s42-2de2a952d9c4,bcb0baffe99bfbbe7cede9ccea7449378a38494799288005f603607319a18dc1,4,3,0.94485915,,False,72,2.1501,2.0651,2.8787499999999997,3.6888,26.876250000000002,4989.41,4557.9490000000005,5292.241000000001,6017.491999999999,36.7278564453125,373.0,12.517738342285156,12.503337860107422,0.0,24.08123016357422
gfshield-10d-2026-v1,distributed-ig-vnd-iwssr,IG-VND-IWSSR,distributed,G-FShield,43,ig,vnd,iwssr,timeout,run_timeout,0.937775230123,0.926158038311,0.938050037656,0.937652777778,0.935954143057,0.923963449997,0.936320054707,0.935819444444,0.923475,12,76.47058823529412,"0,10,13,19,21,22,4,41,42,47,48,49",8,,194,2795.623,12.018,distributed-ig-vnd-iwssr-s43-d5e89bb12f87,a5bb991a125f6749ad699032d729af56583a1240928f863f90970613aee041fd,8,8,0.93777525,,False,71,2.1195000000000004,2.05795,2.69475,3.3998999999999997,26.493750000000006,4713.292,4245.201999999999,5028.720000000001,5985.396,36.5319580078125,373.0,15.349578857421875,15.320777893066406,0.0,24.02210235595703
gfshield-10d-2026-v1,distributed-ig-vnd-iwssr,IG-VND-IWSSR,distributed,G-FShield,44,ig,vnd,iwssr,timeout,run_timeout,0.945289628706,0.935173997517,0.946134820368,0.944486111111,0.945370281563,0.935273563485,0.946162151556,0.944611111111,0.93525,12,76.47058823529412,"0,16,19,20,21,22,23,41,42,47,48,49",6,,180,2801.8,14.74,distributed-ig-vnd-iwssr-s44-061d092e0df4,713a46e8871904d26aa887e0242aeb8611451d9e486979199f427e036844e046,6,6,0.9452896,,False,72,2.1563,2.0507999999999997,2.98055,3.7616,26.95375,4442.558000000001,4122.4890000000005,4886.477000000001,5742.447999999999,35.049121093749996,373.0,12.434577941894531,12.406253814697266,0.0,24.095535278320312
gfshield-10d-2026-v1,distributed-ig-vnd-iwssr,IG-VND-IWSSR,distributed,G-FShield,45,ig,vnd,iwssr,timeout,run_timeout,0.938536520434,0.927544950129,0.939876086512,0.937291666667,0.937802604815,0.926656556973,0.939188314084,0.936527777778,0.926475,11,78.43137254901961,"12,14,16,19,21,22,41,42,47,48,49",7,,98,2794.029,12.86,distributed-ig-vnd-iwssr-s45-a621adc98169,134e4e943548d89f54588c6954c3125448da7e2b60ea714e2eff166d4403ff84,7,7,0.9385365,,False,73,2.1343000000000005,2.0523000000000002,2.7131999999999996,6.6973,26.678750000000008,4370.352,3902.6160000000004,4720.101999999999,5463.514,33.34664306640625,372.0,12.468814849853516,12.441158294677734,0.0,24.13463592529297
gfshield-10d-2026-v1,distributed-ig-vnd-iwssr,IG-VND-IWSSR,distributed,G-FShield,46,ig,vnd,iwssr,timeout,run_timeout,0.944981328626,0.934665799095,0.946366745713,0.943680555556,0.944618689309,0.934342005563,0.946064210364,0.943263888889,0.934175,10,80.3921568627451,"11,19,20,21,22,23,41,47,48,49",6,,199,2799.013,12.947,distributed-ig-vnd-iwssr-s46-b53f97e5fff3,cb819e1aeeeea2dad03f9aa69d8304a96d52be9ed1b4e942529f80ee18df3cf8,6,6,0.94498134,,False,72,2.13915,2.0647,2.988825,4.1335,26.739375,4943.532,4695.001,5127.924000000001,6106.627999999999,37.271899414062496,372.0,12.666702270507812,12.638473510742188,0.007810592651367187,24.109840393066406
gfshield-10d-2026-v1,distributed-ig-vnd-iwssr,IG-VND-IWSSR,distributed,G-FShield,47,ig,vnd,iwssr,timeout,run_timeout,0.939042652593,0.92901211791,0.941338272106,0.937069444444,0.937305570934,0.927254974692,0.939857737336,0.935138888889,0.927125,11,78.43137254901961,"0,19,20,21,22,23,41,42,47,48,49",7,,206,2799.184,14.866,distributed-ig-vnd-iwssr-s47-0be2d33dc890,dab7a39d39584c916127c66e5838d869d17c12e291fc1c7c42eb6d93199f3731,7,6,0.9390426,,False,72,2.15635,2.054875,2.5771,3.2186,26.954375000000002,4908.736000000001,4617.92,5210.359,6139.008,37.469531249999996,373.0,12.502861022949219,12.474441528320312,0.003910064697265625,24.146080017089844
gfshield-10d-2026-v1,distributed-ig-vnd-iwssr,IG-VND-IWSSR,distributed,G-FShield,48,ig,vnd,iwssr,timeout,run_timeout,0.937287467031,0.926762240156,0.942710274205,0.933541666667,0.938712929037,0.928308270967,0.943636437586,0.93525,0.929125,10,80.3921568627451,"11,19,21,22,28,41,42,47,48,49",5,,98,2798.359,12.465,distributed-ig-vnd-iwssr-s48-2d340a48a55d,a4443798e26d68b7ebf2d27c9b1b8e040042eae9ab4a0ddc768222b990037d11,5,5,0.93728745,,False,72,2.1452,2.0577750000000004,2.9648,4.761299999999999,26.815,4354.546,3929.768,4752.355,5675.264,34.6390625,374.0,14.165878295898438,14.146232604980469,0.0,24.251937866210938
gfshield-10d-2026-v1,distributed-ig-vnd-iwssr,IG-VND-IWSSR,distributed,G-FShield,49,ig,vnd,iwssr,timeout,run_timeout,0.94439293298,0.934010711642,0.945191807937,0.943625,0.943217966445,0.932783511181,0.944397039437,0.942111111111,0.9326,13,74.50980392156863,"0,14,15,19,20,21,22,23,41,42,47,48,49",6,,205,2800.117,14.589,distributed-ig-vnd-iwssr-s49-4271eba36512,e37f4840be593e7efb1b8ef978eafdae6f18de7921f4e14728dd1312f3370bbd,6,6,0.9443929,,False,73,2.1592999999999996,2.0610000000000004,2.9852000000000003,5.4765,26.991249999999994,4704.544,4167.756,4964.459999999999,5581.951999999999,34.06953125,372.0,15.203094482421875,15.194892883300781,0.0,24.20520782470703
gfshield-10d-2026-v1,distributed-relieff-rvnd-bitflip,RF-RVND-BF,distributed,G-FShield,42,relieff,rvnd,bitflip,timeout,run_timeout,0.940541167532,0.931245893222,0.948606557499,0.936097222222,0.942547385624,0.933493443222,0.9504825592,0.937986111111,0.93515,11,78.43137254901961,"0,1,19,20,21,22,23,36,47,49,7",5,,177,2814.294,11.94,distributed-relieff-rvnd-bitflip-s42-baea09f4078f,888b9b8adfb6aec3faf591687b12281c76ba55374558777ef230c988c0bd3104,5,5,0.94054115,,False,70,4.07655,4.009425,4.690099999999999,5.2073,50.956875000000004,5569.104,5134.202,5996.131,7076.932000000001,43.194165039062504,379.0,12.543869018554688,12.526607513427734,0.007810592651367187,38.70868682861328
gfshield-10d-2026-v1,distributed-relieff-rvnd-bitflip,RF-RVND-BF,distributed,G-FShield,43,relieff,rvnd,bitflip,timeout,run_timeout,0.943591864195,0.933550345531,0.943601080276,0.943666666667,0.944708537301,0.93471254075,0.945002132991,0.944555555556,0.9342,8,84.31372549019608,"1,15,21,23,36,47,49,8",10,,222,2809.337,10.299,distributed-relieff-rvnd-bitflip-s43-f0e5cbf7a61b,45aef02100fb8c91bf2a77a65e5a3656642ab725b5d090c035ccb9c33fbd3c44,10,10,0.9435919,,False,71,4.0738,4.0088,4.8141,6.4277999999999995,50.92250000000001,5739.0160000000005,5225.762,6116.33,7647.172,46.6746337890625,377.0,10.053062438964844,10.023784637451172,0.0,38.87748718261719
gfshield-10d-2026-v1,distributed-relieff-rvnd-bitflip,RF-RVND-BF,distributed,G-FShield,44,relieff,rvnd,bitflip,timeout,run_timeout,0.943171171666,0.932528154196,0.944531571663,0.941902777778,0.943042266634,0.932495765557,0.944541708571,0.941666666667,0.9322,9,82.35294117647058,"10,19,21,22,23,3,47,48,49",10,,176,2853.228,10.471,distributed-relieff-rvnd-bitflip-s44-20569fe561dc,bb160769c953b5960f80e18f047b540f6de9152bd298c8f6daefd516aa4751c4,10,10,0.94317114,,False,71,4.098199999999999,4.0023,4.9524,6.0165,51.22749999999999,5348.023999999999,4993.998,6090.108,7332.772,44.7556884765625,377.0,9.899425506591797,9.85860824584961,0.0,38.69056701660156
gfshield-10d-2026-v1,distributed-relieff-rvnd-bitflip,RF-RVND-BF,distributed,G-FShield,45,relieff,rvnd,bitflip,timeout,run_timeout,0.939795583809,0.929732277153,0.944030987773,0.937166666667,0.941212468604,0.931497088251,0.945765256864,0.938222222222,0.932525,13,74.50980392156863,"0,1,18,19,20,21,22,23,36,41,47,49,50",9,,151,2896.122,16.895,distributed-relieff-rvnd-bitflip-s45-ce5ea05cbfcb,0d1e67fbda97d92c2da283788a09d4b33ff5b67307167eeb3a69d1b173bf09ea,9,9,0.9397956,,False,71,4.0944,4.0415,4.93595,5.1479,51.18000000000001,5673.036,5253.972,6220.3279999999995,7117.38,43.4410400390625,376.0,11.333847045898438,11.309623718261719,0.0,38.71917724609375
gfshield-10d-2026-v1,distributed-relieff-rvnd-bitflip,RF-RVND-BF,distributed,G-FShield,46,relieff,rvnd,bitflip,timeout,run_timeout,0.944151391449,0.934722494678,0.948729234707,0.940972222222,0.94472945559,0.935568525304,0.949762652357,0.941194444444,0.93645,11,78.43137254901961,"0,14,19,20,21,22,23,41,47,49,9",14,,171,2861.732,13.795,distributed-relieff-rvnd-bitflip-s46-73e8c2ad0bf2,70a10d9c246d712e5cbe321becd98ff2265d8401490db3d53911aab05aa1b365,14,14,0.9441514,,False,71,4.099200000000001,4.0268999999999995,4.88915,6.5015,51.24000000000001,5515.356,4930.5019999999995,5942.704,6842.896000000001,41.765722656250006,378.0,10.41269302368164,10.384464263916016,0.003910064697265625,38.773536682128906
gfshield-10d-2026-v1,distributed-relieff-rvnd-bitflip,RF-RVND-BF,distributed,G-FShield,47,relieff,rvnd,bitflip,timeout,run_timeout,0.942659245626,0.932557811132,0.945440766284,0.940333333333,0.943867625033,0.933909843791,0.946221334409,0.941805555556,0.934075,11,78.43137254901961,"0,19,20,21,22,23,28,36,47,49,8",8,,246,2810.334,10.948,distributed-relieff-rvnd-bitflip-s47-b4f1609fa029,3db32ecd1b746d6d44df18360573c71c35a65199ee6319f6c05e2d451fb7ded5,8,8,0.94265926,,False,72,4.06565,4.016725,4.7269,6.7227,50.820625,5792.624,5250.512,6382.3460000000005,6920.496,42.23935546875,376.0,11.334991455078125,11.308670043945312,0.0,39.025306701660156
gfshield-10d-2026-v1,distributed-relieff-rvnd-bitflip,RF-RVND-BF,distributed,G-FShield,48,relieff,rvnd,bitflip,timeout,run_timeout,0.941472715421,0.931713933088,0.945766659936,0.938388888889,0.940804330427,0.930950800209,0.945395475404,0.937472222222,0.9317,15,70.58823529411765,"0,19,20,21,22,23,28,36,41,42,47,48,49,50,8",7,,99,2841.041,15.901,distributed-relieff-rvnd-bitflip-s48-c87b44e90143,aa730d7bc4bc627dbe5b96f5261b26c9e4656f8b7a79e8310a705a4c3f1459b4,7,7,0.9414727,,False,72,4.0733,4.013175,4.9731749999999995,6.976100000000001,50.91625,5378.348,4919.576,5722.08,6699.024,40.88759765625,376.0,14.302635192871094,14.27001953125,0.011730194091796875,38.82884979248047
gfshield-10d-2026-v1,distributed-relieff-rvnd-bitflip,RF-RVND-BF,distributed,G-FShield,49,relieff,rvnd,bitflip,timeout,run_timeout,0.943157226342,0.933410593742,0.94697785094,0.94025,0.944115684302,0.934334395432,0.947383642392,0.941458333333,0.934725,12,76.47058823529412,"0,19,20,21,22,23,28,3,36,47,49,7",14,,149,2873.871,12.128,distributed-relieff-rvnd-bitflip-s49-c4e23d81b468,6f2c1fc5567bfa850b3e9b692f1fa1546923f2853fa16a6586857054e41c5cb4,14,14,0.94315726,,False,72,4.0550999999999995,3.9578999999999995,4.7600999999999996,5.0591,50.68874999999999,5548.862,5176.87,5949.281,7268.208,44.361621093749996,378.0,13.987255096435547,13.971614837646484,0.003910064697265625,38.92040252685547
gfshield-10d-2026-v1,distributed-relieff-rvnd-iwss,RF-RVND-IWSS,distributed,G-FShield,42,relieff,rvnd,iwss,timeout,run_timeout,0.944230936652,0.934856525862,0.948998224095,0.940986111111,0.94468453076,0.935442604276,0.94962880238,0.941236111111,0.93635,11,78.43137254901961,"0,1,19,20,21,22,23,41,47,49,7",10,,25,2850.9,14.837,distributed-relieff-rvnd-iwss-s42-cda773a5b11b,d9f27b5b9b253bc7fbaecba0df6fe69f4d4ed795e48b7581448e5d9bba178417,10,10,0.9442309,,False,70,4.0962499999999995,4.022925,4.7141,5.2125,51.20312499999999,5359.854000000001,4817.3,5801.709000000001,6865.767999999999,41.905322265624996,379.0,12.392425537109375,12.374591827392578,0.0,41.91017150878906
gfshield-10d-2026-v1,distributed-relieff-rvnd-iwss,RF-RVND-IWSS,distributed,G-FShield,43,relieff,rvnd,iwss,timeout,run_timeout,0.939691732925,0.929607477645,0.943612130624,0.937013888889,0.939781582794,0.929614433028,0.944003712579,0.936791666667,0.930475,20,60.78431372549019,"0,15,19,20,21,22,23,28,36,4,41,42,44,47,48,49,5,50,6,8",6,,153,2875.695,19.345,distributed-relieff-rvnd-iwss-s43-f617b33cbc7e,8a237f88be656056fee92538c8425733b1616dcb7ad16bcc236ad9034cc158ae,6,6,0.9396917,,False,70,4.0754,4.0163,4.57485,5.455,50.9425,5303.984,4989.4169999999995,5815.255000000001,6561.3279999999995,40.047167968749996,380.0,11.323356628417969,11.294841766357422,0.003910064697265625,38.720130920410156
gfshield-10d-2026-v1,distributed-relieff-rvnd-iwss,RF-RVND-IWSS,distributed,G-FShield,44,relieff,rvnd,iwss,timeout,run_timeout,0.946440367038,0.936443221236,0.946999347751,0.945916666667,0.946619248474,0.936674293061,0.94738410644,0.945888888889,0.9367,11,78.43137254901961,"0,18,19,20,21,22,23,41,47,49,5",6,,228,2841.893,13.09,distributed-relieff-rvnd-iwss-s44-67f57b6729de,dd78448a2ee0df3e5f0b741278c69270a46d6dee5c2b5d25dbaaf2190cf6a56d,6,6,0.94644034,,False,71,4.0809,4.0206,4.85415,5.2440999999999995,51.01125,5746.608,5315.889999999999,6149.168,7713.696,47.0806640625,378.0,14.403915405273438,14.366722106933594,0.0,38.763999938964844
gfshield-10d-2026-v1,distributed-relieff-rvnd-iwss,RF-RVND-IWSS,distributed,G-FShield,45,relieff,rvnd,iwss,timeout,run_timeout,0.94199263032,0.932374759859,0.94676623427,0.938805555556,0.941846545589,0.932258060889,0.947244902805,0.938222222222,0.9333,14,72.54901960784314,"0,13,16,17,19,20,21,22,23,36,41,47,49,8",7,,224,2860.584,12.7,distributed-relieff-rvnd-iwss-s45-58fbb10ae414,e16b65ec9a499da7b50311a08b390f4b0f6c62881b8dc24c7621c4a199d74cc1,7,7,0.94199264,,False,71,4.1009,4.0083,4.85935,5.4912,51.261250000000004,5689.444,5275.668,6226.468000000001,7459.655999999999,45.53012695312499,380.0,12.099933624267578,12.083148956298828,0.0,40.55213928222656
gfshield-10d-2026-v1,distributed-relieff-rvnd-iwss,RF-RVND-IWSS,distributed,G-FShield,46,relieff,rvnd,iwss,timeout,run_timeout,0.941256042854,0.931616064608,0.946800265723,0.937583333333,0.942500920136,0.933048646218,0.948366122373,0.938652777778,0.934175,13,74.50980392156863,"0,19,20,21,22,23,36,41,42,47,49,5,7",7,,198,2826.232,13.069,distributed-relieff-rvnd-iwss-s46-d3d9d9239227,38b928bd7389fb0b8c580b80c4d1d0a23fb5280154f7e77d8bfb0049fee4ef3c,7,7,0.94125605,,False,71,4.0553,4.00005,4.8618,5.2449,50.69125,5430.456,4951.736,5990.681999999999,7521.872,45.909863281250004,380.0,10.134315490722656,10.117244720458984,0.003910064697265625,38.628578186035156
gfshield-10d-2026-v1,distributed-relieff-rvnd-iwss,RF-RVND-IWSS,distributed,G-FShield,47,relieff,rvnd,iwss,timeout,run_timeout,0.947156404385,0.937648083274,0.948500759669,0.945930555556,0.946765544331,0.937040266572,0.948118545748,0.945513888889,0.93705,10,80.3921568627451,"0,19,20,21,23,36,4,41,47,49",11,,186,2834.307,11.692,distributed-relieff-rvnd-iwss-s47-4f2dfa0ac3a0,fd9836d4b5101581e1c9e86fba69faa129dba47886aefb8481cf1f5ac988fdf5,11,11,0.9471564,,False,72,4.07145,4.0114,4.723525,6.7531,50.893125,5664.610000000001,5277.3150000000005,6187.591,7234.16,44.15380859375,376.0,13.84878158569336,13.816547393798828,0.0,40.192604064941406
gfshield-10d-2026-v1,distributed-relieff-rvnd-iwss,RF-RVND-IWSS,distributed,G-FShield,48,relieff,rvnd,iwss,timeout,run_timeout,0.942659245626,0.932557811132,0.945440766284,0.940333333333,0.943867625033,0.933909843791,0.946221334409,0.941805555556,0.934075,10,80.3921568627451,"0,19,20,21,22,23,36,47,49,8",8,,172,2812.433,11.676,distributed-relieff-rvnd-iwss-s48-f4670877259a,658d4216dd3aa9e23ad68ca5f7ae525e0089d14dbd8e92f839d6d348439470ec,8,8,0.94265926,,False,70,4.08665,3.9809,4.628225000000001,5.3612,51.083124999999995,5554.356000000001,5120.353999999999,5832.703000000001,6997.603999999999,42.709985351562494,380.0,11.767101287841797,11.735057830810547,0.0,38.70105743408203
gfshield-10d-2026-v1,distributed-relieff-rvnd-iwss,RF-RVND-IWSS,distributed,G-FShield,49,relieff,rvnd,iwss,timeout,run_timeout,0.9417757262,0.9309645639,0.942781774122,0.940819444444,0.942438077185,0.931577242909,0.943639550109,0.941347222222,0.9312,15,70.58823529411765,"0,1,13,16,19,20,21,22,23,36,42,47,49,50,8",8,,120,2813.374,13.613,distributed-relieff-rvnd-iwss-s49-df962ba86dc2,6a3bbabd544a7983291c8b58c451d5aa6886bf386ba384c405033d47686e902d,8,8,0.94177574,,False,71,4.0484,4.015700000000001,4.64145,6.525499999999999,50.605,5571.936,4711.514,6082.132,6907.064,42.157373046875,378.0,15.639781951904297,15.605354309082031,0.0,38.687705993652344
gfshield-10d-2026-v1,distributed-relieff-rvnd-iwssr,RF-RVND-IWSSR,distributed,G-FShield,42,relieff,rvnd,iwssr,timeout,run_timeout,0.940109754391,0.930309935284,0.94455243153,0.937180555556,0.941173280102,0.931560133693,0.945963707288,0.937902777778,0.932525,13,74.50980392156863,"0,15,18,19,20,21,22,23,36,41,47,49,50",2,,116,2840.406,14.222,distributed-relieff-rvnd-iwssr-s42-d5f6ecbe2c0c,80f73c6b8cbac49d22aa2e202a28f79fa00bd8ddb8a0fd1e54f60ffff1bc6818,2,2,0.9401097,,False,70,4.0742,4.02845,4.4529749999999995,5.2413,50.9275,5691.142,5116.65,6246.3369999999995,6942.411999999999,42.3731201171875,377.0,13.38958740234375,13.371562957763672,0.0,38.712501525878906
gfshield-10d-2026-v1,distributed-relieff-rvnd-iwssr,RF-RVND-IWSSR,distributed,G-FShield,43,relieff,rvnd,iwssr,timeout,run_timeout,0.94488649657,0.934987146084,0.944854668668,0.944986111111,0.945365305977,0.935525926144,0.945360976771,0.945486111111,0.9351,8,84.31372549019608,"15,21,23,36,47,49,5,6",5,,170,2821.06,10.51,distributed-relieff-rvnd-iwssr-s43-ce96108611b3,fe8e7640a75e7c151a2f805c105558901e16b9771f3f5d8a377d14ec8d2cf49a,5,5,0.9448865,,False,70,4.061,3.989775,4.870150000000001,5.126700000000001,50.7625,5490.049999999999,5060.7789999999995,5895.629000000001,6875.58,41.9652099609375,379.0,12.856197357177734,12.823677062988281,0.003910064697265625,38.649559020996094
gfshield-10d-2026-v1,distributed-relieff-rvnd-iwssr,RF-RVND-IWSSR,distributed,G-FShield,44,relieff,rvnd,iwssr,timeout,run_timeout,0.945354567439,0.935349124798,0.947219102477,0.943680555556,0.945430476262,0.935420975158,0.947176264242,0.943819444444,0.93535,9,82.35294117647058,"0,19,21,22,23,47,49,5,6",13,,212,2862.727,14.224,distributed-relieff-rvnd-iwssr-s44-d8e146f03539,ffc7674e5764325dfe5d7ddac16e4c6844171ecda69defb0732f6a42ab61dfeb,13,13,0.9453546,,False,70,4.08625,4.0284,4.779225,5.082800000000001,51.078125,5799.603999999999,5487.384,6358.433999999999,7536.7919999999995,46.000927734375,378.0,11.686229705810547,11.663436889648438,0.0,39.058685302734375
gfshield-10d-2026-v1,distributed-relieff-rvnd-iwssr,RF-RVND-IWSSR,distributed,G-FShield,45,relieff,rvnd,iwssr,timeout,run_timeout,0.944096024369,0.933657390071,0.945845789141,0.9425,0.943835064884,0.933464367855,0.945656102002,0.942180555556,0.933225,9,82.35294117647058,"13,19,2,21,22,23,3,47,49",10,,129,2857.242,10.053,distributed-relieff-rvnd-iwssr-s45-c53578b6e54b,4ee9b1ffa32ee9043760d1bcd29167d4a1cd1df9c817d27f8d01c4a14c5413c2,10,10,0.944096,,False,71,4.0776,4.0221,4.87545,6.5536,50.970000000000006,5281.26,4807.992,5687.334,6835.32,41.719482421875,376.0,16.14360809326172,16.10269546508789,0.0,38.796424865722656
gfshield-10d-2026-v1,distributed-relieff-rvnd-iwssr,RF-RVND-IWSSR,distributed,G-FShield,46,relieff,rvnd,iwssr,timeout,run_timeout,0.942941279313,0.933689048333,0.948444858378,0.939347222222,0.943983995692,0.934774515988,0.949855705691,0.940097222222,0.93585,14,72.54901960784314,"0,18,19,20,21,22,23,36,4,41,47,49,50,7",8,,147,2822.118,15.137,distributed-relieff-rvnd-iwssr-s46-583632278f71,b903f1ba754ad757f582fb492fe78d866653e931f6cf83ef355bb5cb14e72bb5,8,8,0.9429413,,False,72,4.10355,4.034775,4.938549999999999,6.3369,51.294375,5428.0019999999995,5092.869000000001,5753.663,7006.616,42.764990234375,379.0,9.604167938232422,9.575462341308594,0.0,41.015625
gfshield-10d-2026-v1,distributed-relieff-rvnd-iwssr,RF-RVND-IWSSR,distributed,G-FShield,47,relieff,rvnd,iwssr,timeout,run_timeout,0.943007125091,0.933694262994,0.948968148325,0.939138888889,0.94352906084,0.934265900625,0.949638606858,0.939472222222,0.9353,14,72.54901960784314,"0,19,20,21,22,23,28,36,41,42,47,49,50,8",6,,174,2827.012,14.184,distributed-relieff-rvnd-iwssr-s47-5eac169c224e,081c65c3c857ac84bddbfc7733f86e88e1a08ad3fe454aa50abc18f4bc351e4d,6,6,0.9430071,,False,71,4.066000000000001,4.0211500000000004,4.83685,6.326300000000001,50.82500000000001,5546.3279999999995,5151.484,6110.214,7207.472,43.99091796875,376.0,12.89072036743164,12.861156463623047,0.0,39.504051208496094
gfshield-10d-2026-v1,distributed-relieff-rvnd-iwssr,RF-RVND-IWSSR,distributed,G-FShield,48,relieff,rvnd,iwssr,timeout,run_timeout,0.939993062548,0.930023152243,0.944664252615,0.936861111111,0.940965396356,0.931142136797,0.946002910478,0.937583333333,0.932175,16,68.62745098039215,"0,15,17,19,20,21,22,23,28,36,41,42,47,49,6,9",11,,147,2818.084,14.112,distributed-relieff-rvnd-iwssr-s48-8a1e497fb1ee,f007d03c0ae5c23cbaab40443e08ae5049ed770b5c3231f15233627e9cf2ae70,11,11,0.9399931,,False,70,4.072699999999999,4.01675,4.491275,5.5803,50.90874999999999,5807.0160000000005,5150.675,6474.996999999999,7642.168,46.644091796874996,378.0,13.437652587890625,13.40951919555664,0.0,39.98088836669922
gfshield-10d-2026-v1,distributed-relieff-rvnd-iwssr,RF-RVND-IWSSR,distributed,G-FShield,49,relieff,rvnd,iwssr,timeout,run_timeout,0.942403985601,0.932257538604,0.944977791752,0.94025,0.943755603293,0.933665757249,0.946153257491,0.941652777778,0.933775,13,74.50980392156863,"0,19,20,21,22,23,28,3,36,47,49,7,8",6,,173,2805.491,12.224,distributed-relieff-rvnd-iwssr-s49-f572b8af6aec,a0b464351716c446a034322219c8ebca90d7ffb4c762f1973d9ef466861c8853,6,6,0.942404,,False,70,4.0558499999999995,4.0070500000000004,4.723999999999999,5.2787,50.69812499999999,5706.338,4927.764,6270.282,7374.876000000001,45.012670898437506,378.0,11.186599731445312,11.164188385009766,0.0,38.628578186035156
gfshield-10d-2026-v1,distributed-relieff-vnd-bitflip,RF-VND-BF,distributed,G-FShield,42,relieff,vnd,bitflip,timeout,run_timeout,0.927628979017,0.916997935705,0.930381136204,0.925625,0.92852167727,0.918147167478,0.931417809859,0.926430555556,0.917425,5,90.19607843137256,"1,23,36,47,49",1,,123,2855.149,7.842,distributed-relieff-vnd-bitflip-s42-ba04c83ead86,763ef54ccdd97ac43e8920b03f23d05d26f538add4651d6ce98da8a517841a3f,1,1,0.927629,,False,71,2.0894,2.0483000000000002,2.6931000000000003,3.6152,26.1175,4914.476,4426.1,5067.6900000000005,5840.871999999999,35.649853515625,373.0,14.593029022216797,14.561176300048828,0.0,23.952484130859375
gfshield-10d-2026-v1,distributed-relieff-vnd-bitflip,RF-VND-BF,distributed,G-FShield,43,relieff,vnd,bitflip,timeout,run_timeout,0.87960654619,0.866369467841,0.885961773461,0.875625,0.882451181819,0.869692490984,0.889597170455,0.878,0.869975,5,90.19607843137256,"1,20,41,47,49",8,,144,2814.91,10.489,distributed-relieff-vnd-bitflip-s43-122351ef346a,24f7e5bc5c4c34795aafb1a36b32fd328ced461cb8b5bbd48e05f68629cf1d28,8,8,0.87960654,,False,71,2.135700000000001,2.0554499999999996,2.84955,3.8333999999999997,26.69625000000001,4811.296,4490.49,5113.942,5871.852,35.8389404296875,375.0,12.195110321044922,12.16878890991211,0.0,23.95153045654297
gfshield-10d-2026-v1,distributed-relieff-vnd-bitflip,RF-VND-BF,distributed,G-FShield,44,relieff,vnd,bitflip,timeout,run_timeout,0.864515741291,0.850681073636,0.876221696516,0.859666666667,0.863347686037,0.849552182986,0.875858487864,0.858069444444,0.853375,5,90.19607843137256,"1,17,22,41,49",2,,154,2808.414,10.305,distributed-relieff-vnd-bitflip-s44-13c494cd7e3c,6def8c108bfed93631402d3f633ad8eced77e026d82799aea31f72b46a26518c,2,2,0.8645157,,False,71,2.1249000000000002,2.0608,2.82655,3.2025,26.56125,4388.896000000001,4064.974,4798.624,5894.318000000001,35.97606201171876,373.0,13.376045227050781,13.346290588378906,0.003910064697265625,24.00970458984375
gfshield-10d-2026-v1,distributed-relieff-vnd-bitflip,RF-VND-BF,distributed,G-FShield,45,relieff,vnd,bitflip,timeout,run_timeout,0.90751071444,0.897381815643,0.911028870013,0.905736111111,0.907685540503,0.897542411334,0.911490474191,0.905625,0.8966,5,90.19607843137256,"28,42,49,6,7",8,,81,2798.749,5.354,distributed-relieff-vnd-bitflip-s45-430f02296e8a,3611c974099cd3ad5e6ef50d07338dfc026e55e424c56cdd66a43089f66de55a,8,8,0.9075107,,False,72,2.1285499999999997,2.043825,2.7269749999999995,3.1271000000000004,26.606874999999995,5093.248,4854.803,5273.455999999999,6170.28,37.660400390625,372.0,16.936779022216797,16.911983489990234,0.003910064697265625,24.064064025878906
gfshield-10d-2026-v1,distributed-relieff-vnd-bitflip,RF-VND-BF,distributed,G-FShield,46,relieff,vnd,bitflip,timeout,run_timeout,0.882370172952,0.871185529453,0.896325328238,0.877083333333,0.882603949964,0.871267485501,0.897406153785,0.877055555556,0.876,5,90.19607843137256,"22,41,49,5,9",4,,128,2843.4,7.916,distributed-relieff-vnd-bitflip-s46-07d94f412276,5c4ae5d2adf919f2c56d6a2c8499e8bad2147875243583386ce78de8d3aa4848,4,4,0.8823702,,False,72,2.1247499999999997,2.0542999999999996,2.9880750000000003,3.4737,26.559374999999996,4233.496,3940.2339999999995,4633.762,5423.388,33.1017333984375,372.0,13.64603042602539,13.6199951171875,0.0,24.033546447753906
gfshield-10d-2026-v1,distributed-relieff-vnd-bitflip,RF-VND-BF,distributed,G-FShield,47,relieff,vnd,bitflip,timeout,run_timeout,0.910772146989,0.897990320498,0.919412437121,0.904972222222,0.910345981423,0.897842194468,0.92022037341,0.903930555556,0.898125,5,90.19607843137256,"19,22,41,47,49",6,,175,2859.771,9.112,distributed-relieff-vnd-bitflip-s47-330358e0dbdf,a925cec185f6b8566c922c3fdbcadc0382fdec93fea85b8b26388af2d58635c1,6,6,0.91077214,,False,69,2.1459000000000006,2.0568999999999997,2.8057,3.0972,26.823750000000008,4682.339999999999,4126.7919999999995,5091.0160000000005,5875.608,35.861865234375,373.0,18.373775482177734,18.342876434326172,0.0,23.80657196044922
gfshield-10d-2026-v1,distributed-relieff-vnd-bitflip,RF-VND-BF,distributed,G-FShield,48,relieff,vnd,bitflip,timeout,run_timeout,0.892131257449,0.881272215786,0.906022929882,0.886986111111,0.892142986914,0.881184223329,0.906417565506,0.886722222222,0.88575,5,90.19607843137256,"10,22,48,49,7",2,,135,2850.847,6.989,distributed-relieff-vnd-bitflip-s48-0c0dee8355ec,5b13c51efc0111df000234ab5ec183d354085d086709e7d5c2d1b1d1bc530109,2,2,0.89213127,,False,71,2.1223,2.0566,2.9838999999999998,4.376399999999999,26.528750000000002,4572.012,4147.28,5050.812,5556.7,33.9154052734375,373.0,12.743949890136719,12.71982192993164,0.0,23.84471893310547
gfshield-10d-2026-v1,distributed-relieff-vnd-bitflip,RF-VND-BF,distributed,G-FShield,49,relieff,vnd,bitflip,timeout,run_timeout,0.919577468938,0.910180075875,0.922146442552,0.917583333333,0.920646304814,0.91104245563,0.922987266653,0.918777777778,0.910675,5,90.19607843137256,"16,23,41,47,49",9,,67,2844.907,7.519,distributed-relieff-vnd-bitflip-s49-0d2c7740f6e0,3f6bebd9ebdb3b4d1fc179e5538c13543a124e779c71accf73c3bdb2b5b0085b,9,9,0.9195775,,False,72,2.1239999999999997,2.0524750000000003,2.9107,4.7232,26.549999999999997,4205.931999999999,3869.913,4594.896,5313.215999999999,32.429296875,372.0,12.921333312988281,12.895870208740234,0.0,24.346351623535156
gfshield-10d-2026-v1,distributed-relieff-vnd-iwss,RF-VND-IWSS,distributed,G-FShield,42,relieff,vnd,iwss,timeout,run_timeout,0.942244089647,0.932396939174,0.945885659776,0.939597222222,0.942082405983,0.93224278247,0.946118432273,0.939083333333,0.93295,13,74.50980392156863,"0,1,19,20,21,22,23,41,42,47,48,49,7",6,,197,2886.433,12.779,distributed-relieff-vnd-iwss-s42-1d4f0576790e,ad8a249c7584ec3947ab5cc30c5bba45505537eb24ed66f96b06be991b7dc656,6,6,0.9422441,,False,71,3.0553,2.9116999999999997,3.4509,6.68,38.19125,4783.9839999999995,4338.974,5572.379999999999,6345.871999999999,38.73212890625,376.0,11.806106567382812,11.769390106201172,0.0,31.251907348632812
gfshield-10d-2026-v1,distributed-relieff-vnd-iwss,RF-VND-IWSS,distributed,G-FShield,43,relieff,vnd,iwss,timeout,run_timeout,0.945157637143,0.934861664702,0.945053683546,0.945333333333,0.946175747682,0.936046787834,0.946194356579,0.946277777778,0.9356,8,84.31372549019608,"2,21,23,28,3,47,49,9",6,,242,2823.632,11.682,distributed-relieff-vnd-iwss-s43-d34f7d5e3a6a,a2845b0c8096bcd1829de9bebb8348b5d335237cdec3047af33cd0751d35ff70,6,5,0.94515765,,False,71,3.0525,2.9842500000000003,3.4063,5.3858,38.15625,5264.080000000001,4932.606,5948.4259999999995,6884.9800000000005,42.0225830078125,373.0,14.39657211303711,14.368152618408203,0.003910064697265625,31.341552734375
gfshield-10d-2026-v1,distributed-relieff-vnd-iwss,RF-VND-IWSS,distributed,G-FShield,44,relieff,vnd,iwss,timeout,run_timeout,0.943171171666,0.932528154196,0.944531571663,0.941902777778,0.943042266634,0.932495765557,0.944541708571,0.941666666667,0.9322,9,82.35294117647058,"10,19,21,22,23,3,47,48,49",10,,196,2807.626,11.023,distributed-relieff-vnd-iwss-s44-ad8fc9e453d7,5d7887c4fd9cef277339da29d666433bf183e324b1403a35533548aa99827a28,10,10,0.94317114,,False,70,3.0354,2.509775,3.1564,4.0685,37.9425,4993.6939999999995,4619.9619999999995,5381.808,6301.028000000001,38.45842285156251,374.0,16.029644012451172,15.995979309082031,0.0,31.278610229492188
gfshield-10d-2026-v1,distributed-relieff-vnd-iwss,RF-VND-IWSS,distributed,G-FShield,45,relieff,vnd,iwss,timeout,run_timeout,0.944096024369,0.933657390071,0.945845789141,0.9425,0.943835064884,0.933464367855,0.945656102002,0.942180555556,0.933225,9,82.35294117647058,"13,19,2,21,22,23,3,47,49",9,,203,2842.876,11.305,distributed-relieff-vnd-iwss-s45-b23c2f71f257,4aa18cf79d8770d3920696cb323d03bb6711472c8a220da0f2d76427fe5c7f75,9,9,0.944096,,False,72,3.0348999999999995,2.7585250000000006,3.2104999999999997,6.4388,37.936249999999994,5075.053999999999,4659.018,5837.267000000001,6881.516,42.0014404296875,373.0,18.63107681274414,18.58673095703125,0.003910064697265625,31.51988983154297
gfshield-10d-2026-v1,distributed-relieff-vnd-iwss,RF-VND-IWSS,distributed,G-FShield,46,relieff,vnd,iwss,timeout,run_timeout,0.942333911157,0.932542289526,0.946075552657,0.939597222222,0.941726756792,0.931853583541,0.946056420685,0.938541666667,0.932575,13,74.50980392156863,"0,19,20,21,22,23,41,42,47,48,49,5,7",8,,196,2822.083,12.32,distributed-relieff-vnd-iwss-s46-e992e62bb0e4,f4ac910d32f1b69bc12150e3805f404b2a4cddfd32a3aaf49672f07c62d79073,8,8,0.94233394,,False,71,3.0413000000000006,2.65175,3.2200500000000005,4.0508,38.01625000000001,5254.8640000000005,4589.052,5757.452000000001,6568.704000000001,40.0921875,375.0,15.586566925048828,15.559959411621094,0.007810592651367187,31.378746032714844
gfshield-10d-2026-v1,distributed-relieff-vnd-iwss,RF-VND-IWSS,distributed,G-FShield,47,relieff,vnd,iwss,timeout,run_timeout,0.940824002967,0.929993170702,0.941488794875,0.940180555556,0.942252304082,0.931658691869,0.943100064069,0.941458333333,0.931425,21,58.82352941176471,"0,16,19,2,20,21,23,28,36,4,41,42,44,47,48,49,5,50,6,7,8",12,,209,2850.634,19.444,distributed-relieff-vnd-iwss-s47-46964caf50ae,042e408cd7fdc780c9125b4d741711e8f293eadb4c2e4859f18f8cf1234fb7f0,12,12,0.94082403,,False,70,3.06825,2.9125250000000005,3.1552749999999996,4.2233,38.353125,5070.0199999999995,4654.039,5745.808999999999,6700.976,40.89951171875,373.0,15.333271026611328,15.314483642578125,0.003910064697265625,31.365394592285156
gfshield-10d-2026-v1,distributed-relieff-vnd-iwss,RF-VND-IWSS,distributed,G-FShield,48,relieff,vnd,iwss,timeout,run_timeout,0.941472715421,0.931713933088,0.945766659936,0.938388888889,0.940804330427,0.930950800209,0.945395475404,0.937472222222,0.9317,15,70.58823529411765,"0,19,20,21,22,23,28,36,41,42,47,48,49,50,8",12,,196,2826.777,15.539,distributed-relieff-vnd-iwss-s48-cbfaf6282d61,4d182827fc52c331d49034fba674b7c9ec58ac7876c228f61a89e33d509993fa,12,12,0.9414727,,False,72,3.04725,2.559025,3.4131,6.4385,38.090625,5124.03,4484.0109999999995,5590.896,6248.244,38.1362548828125,375.0,12.106609344482422,12.074089050292969,0.02346038818359375,31.46076202392578
gfshield-10d-2026-v1,distributed-relieff-vnd-iwss,RF-VND-IWSS,distributed,G-FShield,49,relieff,vnd,iwss,timeout,run_timeout,0.944560535102,0.934214427612,0.945261916437,0.943888888889,0.944489615768,0.934073012623,0.945150420082,0.943861111111,0.933875,12,76.47058823529412,"0,16,19,20,21,22,23,44,47,49,5,50",9,,118,2824.321,15.836,distributed-relieff-vnd-iwss-s49-23a2a5a9a01f,26ba16d2d13080b14d8e66e6274c45f7bb94facbe783d6df616c6322b9297f4e,9,9,0.9445605,,False,71,3.0542999999999996,2.6989,3.3725500000000004,4.078000000000001,38.178749999999994,4785.367999999999,4284.48,5214.799999999999,5894.411999999999,35.9766357421875,377.0,14.258289337158203,14.226436614990234,0.0,31.393051147460938
gfshield-10d-2026-v1,distributed-relieff-vnd-iwssr,RF-VND-IWSSR,distributed,G-FShield,42,relieff,vnd,iwssr,timeout,run_timeout,0.944230936652,0.934856525862,0.948998224095,0.940986111111,0.94468453076,0.935442604276,0.94962880238,0.941236111111,0.93635,11,78.43137254901961,"0,1,19,20,21,22,23,41,47,49,7",6,,127,2842.91,15.479,distributed-relieff-vnd-iwssr-s42-c6a97910bb35,3b6893ebedd73ee0e7260107ea2bd5d62ff58221d29e3651581e8ddc9cf875ad,6,6,0.9442309,,False,72,2.0999499999999998,2.047,2.857325,6.8223,26.249374999999997,4790.428,4326.27,5131.711,5974.004,36.4624267578125,371.5,13.195610046386719,13.171100616455078,0.0,24.071693420410156
gfshield-10d-2026-v1,distributed-relieff-vnd-iwssr,RF-VND-IWSSR,distributed,G-FShield,43,relieff,vnd,iwssr,timeout,run_timeout,0.943591864195,0.933550345531,0.943601080276,0.943666666667,0.944708537301,0.93471254075,0.945002132991,0.944555555556,0.9342,8,84.31372549019608,"1,15,21,23,36,47,49,8",4,,233,2815.567,12.458,distributed-relieff-vnd-iwssr-s43-d872c21f7eec,43537eb61e6fb75a205c5dbf70a5b342a1535bff53fdf045e5f10c007792647b,4,4,0.9435919,,False,72,2.13335,2.04185,2.9564000000000004,3.1908000000000003,26.666875,4858.804,4407.423,5174.73,6005.264000000001,36.65322265625001,374.0,13.39874267578125,13.370513916015625,0.0,24.08313751220703
gfshield-10d-2026-v1,distributed-relieff-vnd-iwssr,RF-VND-IWSSR,distributed,G-FShield,44,relieff,vnd,iwssr,timeout,run_timeout,0.946440367038,0.936443221236,0.946999347751,0.945916666667,0.946619248474,0.936674293061,0.94738410644,0.945888888889,0.9367,11,78.43137254901961,"0,18,19,20,21,22,23,41,47,49,5",6,,213,2814.959,12.695,distributed-relieff-vnd-iwssr-s44-f8641230fbc7,4bd8c0eb4767e27310722227906120ad1ef89c7b88e2a94ed1d593dff4c798ae,6,6,0.94644034,,False,72,2.09495,2.049375,2.6808500000000004,6.186099999999999,26.186874999999997,4546.088,4198.297,5146.7880000000005,5781.855999999999,35.28964843749999,373.0,14.562320709228516,14.540386199951172,0.003910064697265625,24.173736572265625
gfshield-10d-2026-v1,distributed-relieff-vnd-iwssr,RF-VND-IWSSR,distributed,G-FShield,45,relieff,vnd,iwssr,timeout,run_timeout,0.945336050516,0.935479074568,0.947319380135,0.943597222222,0.944918227407,0.935001752165,0.947173597362,0.942916666667,0.93495,13,74.50980392156863,"0,13,16,17,19,20,21,22,23,41,47,49,8",7,,190,2813.101,13.689,distributed-relieff-vnd-iwssr-s45-e341a155a258,9ff76f5aae340d2d55bd00fe4bb3b7f3929e38966c97e94d14f465f8d1ff233c,7,7,0.94533604,,False,71,2.2717,2.0672999999999995,2.9486499999999998,3.5719,28.396250000000002,4171.0560000000005,3699.8759999999997,4478.052,5194.124,31.702416992187498,373.0,15.315818786621094,15.270233154296875,0.003910064697265625,23.92292022705078
gfshield-10d-2026-v1,distributed-relieff-vnd-iwssr,RF-VND-IWSSR,distributed,G-FShield,46,relieff,vnd,iwssr,timeout,run_timeout,0.943992121857,0.933649094984,0.94557391495,0.942527777778,0.944792329092,0.934425361267,0.946309907325,0.943402777778,0.9341,12,76.47058823529412,"0,19,20,21,22,23,36,42,47,49,5,7",7,,207,2809.731,12.253,distributed-relieff-vnd-iwssr-s46-f62863c4759c,5f635dfef976022188d81b7ca15ad8cfac09fffb15f5b4e72c689a4a83a6275a,7,7,0.94399214,,False,71,2.1063,2.0566,2.7361,3.1145000000000005,26.32875,4752.624,4433.013999999999,5067.986,5846.996,35.6872314453125,374.0,12.8021240234375,12.77618408203125,0.007810592651367187,23.86951446533203
gfshield-10d-2026-v1,distributed-relieff-vnd-iwssr,RF-VND-IWSSR,distributed,G-FShield,47,relieff,vnd,iwssr,timeout,run_timeout,0.938127794618,0.928017992732,0.940366102055,0.936208333333,0.936690189796,0.92640348774,0.939304965666,0.934486111111,0.92615,10,80.3921568627451,"0,19,20,21,22,23,41,42,47,49",5,,210,2813.905,12.097,distributed-relieff-vnd-iwssr-s47-30bbbb3f18d3,36e61e3996fad5fc554ca24335c540dd64a674507f5d09feb73b3c7fcca3c850,5,5,0.9381278,,False,71,2.1261,2.0573499999999996,2.73295,3.8621999999999996,26.57625,4699.3279999999995,4270.584,5204.137999999999,5869.576,35.825048828125,374.0,14.470481872558594,14.441204071044922,0.007810592651367187,23.947715759277344
gfshield-10d-2026-v1,distributed-relieff-vnd-iwssr,RF-VND-IWSSR,distributed,G-FShield,48,relieff,vnd,iwssr,timeout,run_timeout,0.942491911066,0.932636549798,0.946055712002,0.939902777778,0.942345806301,0.932654494902,0.946329771598,0.939416666667,0.9334,13,74.50980392156863,"0,10,19,20,21,22,23,41,42,47,48,49,7",8,,211,2848.162,13.016,distributed-relieff-vnd-iwssr-s48-a32c5def6e92,bf3ac113cd6af3d3cf9114dc21ec377683c17136e963903c61dbf0732f264929,8,8,0.9424919,,False,71,2.1014,2.0439,2.9074,4.582,26.2675,4863.832,4398.662,5317.428,6001.228000000001,36.6285888671875,373.0,12.08648681640625,12.055397033691406,0.003910064697265625,23.946762084960938
gfshield-10d-2026-v1,distributed-relieff-vnd-iwssr,RF-VND-IWSSR,distributed,G-FShield,49,relieff,vnd,iwssr,timeout,run_timeout,0.945227323763,0.935018195353,0.946049271306,0.944444444444,0.944850005567,0.934524527932,0.945656032218,0.944083333333,0.93435,11,78.43137254901961,"0,16,19,20,21,22,23,44,47,49,5",7,,157,2880.362,14.609,distributed-relieff-vnd-iwssr-s49-6a0e4156b783,dad3d5f3681ba0817a200ede06279c1ddbefa4c125a1943e3b0badcf2392f8d2,7,7,0.9452273,,False,71,2.1022,2.0516,2.9442,4.819500000000001,26.277499999999996,4106.34,3720.9660000000003,4473.401999999999,4922.976,30.0474609375,375.0,11.93399429321289,11.745071411132812,0.003910064697265625,24.042129516601562
gfshield-10d-2026-v1,distributed-su-rvnd-bitflip,SU-RVND-BF,distributed,G-FShield,42,su,rvnd,bitflip,timeout,run_timeout,0.941734138693,0.930993338376,0.94245408393,0.941041666667,0.940779036875,0.929966338192,0.941773326323,0.939833333333,0.929875,8,84.31372549019608,"12,19,21,22,41,47,49,50",9,,132,2849.362,11.63,distributed-su-rvnd-bitflip-s42-4454ba5c7e99,d3d8df11a791ba1f4d12ce22187c89bc441ccba4cbbe297f72ecde89a96fa256,9,9,0.94173414,,False,71,4.1119,4.0326,4.850849999999999,5.8873,51.39875000000001,5535.455999999999,5171.722,6092.914,7127.08,43.500244140625,377.0,10.251712799072266,10.226249694824219,0.0,38.76018524169922
gfshield-10d-2026-v1,distributed-su-rvnd-bitflip,SU-RVND-BF,distributed,G-FShield,43,su,rvnd,bitflip,timeout,run_timeout,0.940187709799,0.930381353602,0.944744437527,0.937097222222,0.940162776158,0.93031311555,0.945254206309,0.936638888889,0.93125,16,68.62745098039215,"0,13,16,17,19,20,21,22,23,28,36,41,42,47,48,49",8,,137,2824.669,16.713,distributed-su-rvnd-bitflip-s43-32cea5489638,8d67ef140d6bc32a3ede1089d5162fe97bbd5da4bb72f914ebd9513f6b0aa62f,8,8,0.9401877,,False,72,4.0707,3.95345,4.829599999999999,6.6379,50.883750000000006,5536.438,5145.729,5879.377999999999,7430.120000000001,45.34985351562501,377.0,14.525890350341797,14.485931396484375,0.007810592651367187,38.883209228515625
gfshield-10d-2026-v1,distributed-su-rvnd-bitflip,SU-RVND-BF,distributed,G-FShield,44,su,rvnd,bitflip,timeout,run_timeout,0.940480803722,0.930627542497,0.945296313008,0.937125,0.941129106718,0.931423036301,0.946260794775,0.937541666667,0.932325,19,62.745098039215684,"0,10,13,19,2,20,21,22,23,28,36,41,42,47,48,49,50,7,8",8,,164,2829.856,17.754,distributed-su-rvnd-bitflip-s44-fc4c822117e6,c6f5741968d2d4143783f41ee56f669f9e89977da2cdda699c2722af152680bb,8,8,0.9404808,,False,71,4.0684000000000005,4.018599999999999,4.713150000000001,6.9467,50.855000000000004,5717.6,5369.85,6311.474,7469.5199999999995,45.59033203125,377.0,13.404560089111328,13.382244110107422,0.007810592651367187,38.70868682861328
gfshield-10d-2026-v1,distributed-su-rvnd-bitflip,SU-RVND-BF,distributed,G-FShield,45,su,rvnd,bitflip,timeout,run_timeout,0.940578245014,0.930687387047,0.944749633844,0.937625,0.940362615969,0.930507955328,0.945143011635,0.936916666667,0.9313,21,58.82352941176471,"0,10,13,14,17,19,20,21,22,23,28,36,41,42,47,48,49,50,7,8,9",15,,218,2834.116,19.61,distributed-su-rvnd-bitflip-s45-fa03456d7262,34188168a86a4bc8bb381ffec35a5014c6800469f4837f0f085b5ca6926bc9a9,15,15,0.9405782,,False,71,4.087400000000001,4.021100000000001,4.76435,6.6462,51.09250000000001,5641.232000000001,4958.368,6067.388,6947.176,42.402197265625006,377.0,13.467121124267578,13.444805145263672,0.007810592651367187,38.79070281982422
gfshield-10d-2026-v1,distributed-su-rvnd-bitflip,SU-RVND-BF,distributed,G-FShield,46,su,rvnd,bitflip,timeout,run_timeout,0.942483878619,0.931764683072,0.943146212502,0.941847222222,0.942517260562,0.93170363745,0.943168043587,0.941902777778,0.9315,11,78.43137254901961,"12,21,22,23,28,36,41,47,48,49,5",8,,215,2835.853,11.582,distributed-su-rvnd-bitflip-s46-6dd0f24d2a3a,d03061d45d8a54b1502f221d26f8136f175f6544c9b7d475359f5f12f371b12c,8,8,0.9424839,,False,72,4.10665,4.027774999999999,4.829275,6.5795,51.333125,5438.85,5099.273999999999,5862.85,6972.128000000001,42.5544921875,377.0,9.637928009033203,9.612846374511719,0.0,40.706634521484375
gfshield-10d-2026-v1,distributed-su-rvnd-bitflip,SU-RVND-BF,distributed,G-FShield,47,su,rvnd,bitflip,timeout,run_timeout,0.939833590028,0.929757107559,0.944271856999,0.936694444444,0.940296805589,0.930360070493,0.945081747245,0.936847222222,0.93115,19,62.745098039215684,"0,10,13,19,20,21,22,23,28,36,41,42,47,48,49,50,7,8,9",7,,182,2871.913,15.864,distributed-su-rvnd-bitflip-s47-972da2936afa,85eeb03c57c3014504a6ad6b90911d1ca34140c09cbdfa8db9b5970e13e9e962,7,7,0.9398336,,False,71,4.0699000000000005,3.97165,4.827299999999999,5.093800000000002,50.87375000000001,6185.668000000001,5632.0419999999995,6958.3820000000005,7905.06,48.2486572265625,379.0,10.155105590820312,10.128498077392578,0.0,38.67053985595703
gfshield-10d-2026-v1,distributed-su-rvnd-bitflip,SU-RVND-BF,distributed,G-FShield,48,su,rvnd,bitflip,timeout,run_timeout,0.944463824792,0.935210792727,0.949580141571,0.941208333333,0.944516442948,0.935376071121,0.949862095998,0.941041666667,0.936525,9,82.35294117647058,"19,21,22,23,41,42,47,49,9",11,,186,2801.5,10.256,distributed-su-rvnd-bitflip-s48-3cfdf799ef3d,dbd747b98e42536e2affc3802d1d1a652cacaf38d9ea79ef7c18a47a8471a0b9,11,11,0.94446385,,False,71,4.1065,4.035,4.933350000000001,5.4806,51.33125,5768.124,5188.15,6130.3279999999995,7595.22,46.3575439453125,377.0,9.865188598632812,9.845161437988281,0.0,38.76018524169922
gfshield-10d-2026-v1,distributed-su-rvnd-bitflip,SU-RVND-BF,distributed,G-FShield,49,su,rvnd,bitflip,timeout,run_timeout,0.940390349,0.930532138979,0.944431102818,0.937541666667,0.940187729753,0.930297079164,0.944884454038,0.936847222222,0.93115,16,68.62745098039215,"0,15,19,20,21,22,23,28,36,41,42,47,48,49,50,7",11,,120,2809.685,13.671,distributed-su-rvnd-bitflip-s49-ee85b8d95acb,9cc429dde8f4602c76c6062ab1c927993621eccad28e600a217d8ae066bc53b8,11,11,0.94039035,,False,71,4.1036,4.0257000000000005,4.8872,5.4098,51.295,5371.606,5072.4220000000005,5819.741,6588.964,40.2158447265625,377.0,10.262775421142578,10.230731964111328,0.0,38.79070281982422
gfshield-10d-2026-v1,distributed-su-rvnd-iwss,SU-RVND-IWSS,distributed,G-FShield,42,su,rvnd,iwss,timeout,run_timeout,0.942737254879,0.932607995029,0.944336280851,0.941277777778,0.941964322464,0.931605464929,0.943613474717,0.940458333333,0.93145,11,78.43137254901961,"14,16,19,21,23,28,36,41,47,48,49",9,,127,2804.856,11.351,distributed-su-rvnd-iwss-s42-f458c7925117,cd8791e0e5501c31f137aff490ccffe3de9d01da612b5e3e4c18fbd5f78c644f,9,9,0.9427373,,False,72,4.06565,3.993425,4.908725,5.7585999999999995,50.820625,5796.371999999999,5331.8589999999995,6120.438999999999,7162.812,43.7183349609375,377.0,13.523483276367188,13.500213623046875,0.003910064697265625,38.86699676513672
gfshield-10d-2026-v1,distributed-su-rvnd-iwss,SU-RVND-IWSS,distributed,G-FShield,43,su,rvnd,iwss,timeout,run_timeout,0.940001788696,0.930097132214,0.944788818376,0.936763888889,0.939212466701,0.92927096385,0.944333245294,0.935666666667,0.9302,15,70.58823529411765,"11,14,17,19,21,22,23,28,36,41,42,47,48,49,7",12,,214,2816.965,12.682,distributed-su-rvnd-iwss-s43-a257749bd587,89fa9b1c40db44e2470dd7168d8b8e99719161fc68029412f1150741e14c39f4,12,12,0.9400018,,False,71,4.081,4.017,4.9074,6.470300000000001,51.0125,5832.7519999999995,5434.564,6259.152,7697.355999999999,46.98093261718749,378.0,11.14358901977539,11.11917495727539,0.0,38.735389709472656
gfshield-10d-2026-v1,distributed-su-rvnd-iwss,SU-RVND-IWSS,distributed,G-FShield,44,su,rvnd,iwss,timeout,run_timeout,0.941953640094,0.931373816999,0.943562321604,0.940472222222,0.942237141906,0.931622913395,0.943979223598,0.940652777778,0.931425,11,78.43137254901961,"10,19,2,21,23,28,36,41,47,48,49",8,,209,2821.18,11.116,distributed-su-rvnd-iwss-s44-5c50c93817b8,2ef4f2ff862977bae15223324f13eee6bfd64a6f3f3838d66c79e14d405cc6db,8,8,0.94195366,,False,71,4.1044,4.0165999999999995,4.77605,5.6812,51.305,5499.908,4976.572,6144.162,7412.643999999999,45.243188476562494,378.0,12.969303131103516,12.942314147949219,0.007810592651367187,38.64097595214844
gfshield-10d-2026-v1,distributed-su-rvnd-iwss,SU-RVND-IWSS,distributed,G-FShield,45,su,rvnd,iwss,timeout,run_timeout,0.941374930462,0.930561509775,0.942694701477,0.940138888889,0.940753174306,0.929843360057,0.942108171509,0.939486111111,0.929675,14,72.54901960784314,"1,11,19,20,21,22,23,28,36,41,47,48,49,9",8,,193,2843.368,12.745,distributed-su-rvnd-iwss-s45-ef4ea3ec54c8,e2a5e23b2e24e1818526f277c064a47bad0b2815b3d020f9b03f980036686e40,8,8,0.94137496,,False,70,4.171050000000001,4.04185,4.907875000000001,5.3805,52.13812500000002,5621.755999999999,5047.003000000001,6046.393,6742.299999999999,41.15173339843749,377.0,12.926959991455078,12.906455993652344,0.0,38.72394561767578
gfshield-10d-2026-v1,distributed-su-rvnd-iwss,SU-RVND-IWSS,distributed,G-FShield,46,su,rvnd,iwss,timeout,run_timeout,0.940630494724,0.930723071413,0.944862209604,0.937625,0.939725343623,0.929745163819,0.94449334056,0.936291666667,0.93055,21,58.82352941176471,"0,10,13,14,15,19,20,21,22,23,28,36,41,42,47,48,49,50,7,8,9",9,,57,2878.932,19.146,distributed-su-rvnd-iwss-s46-8ada6fd697ae,a7c2750d3b3a9161cf1f0eae229831a3c3b5dbcba883cd0881f311c093ba277f,9,9,0.9406305,,False,70,4.0497,3.972375,4.81595,5.3128,50.621249999999996,6151.77,5275.412,6553.25,8169.295999999999,49.86142578125,377.0,13.1591796875,13.144779205322266,0.0,38.68293762207031
gfshield-10d-2026-v1,distributed-su-rvnd-iwss,SU-RVND-IWSS,distributed,G-FShield,47,su,rvnd,iwss,timeout,run_timeout,0.94233941162,0.932594117034,0.946700226307,0.939208333333,0.942964732941,0.933259755108,0.947854413496,0.939444444444,0.934025,17,66.66666666666666,"0,1,10,11,19,20,21,22,23,28,36,41,42,47,48,49,8",10,,186,2859.631,16.268,distributed-su-rvnd-iwss-s47-959970078793,0062a11b4e1081fd8ea718f7f6c3a325dd3322dca6605139c2356ff8af50f522,10,10,0.9423394,,False,70,4.0585,4.023925,4.597899999999999,5.3709999999999996,50.73125,5701.626,5138.169999999999,6140.7029999999995,7809.960000000001,47.66821289062501,377.0,12.416553497314453,12.389087677001953,0.0,38.702964782714844
gfshield-10d-2026-v1,distributed-su-rvnd-iwss,SU-RVND-IWSS,distributed,G-FShield,48,su,rvnd,iwss,timeout,run_timeout,0.940430447171,0.930522190798,0.944599488047,0.937527777778,0.940360581242,0.930474069224,0.945146817051,0.936958333333,0.931325,16,68.62745098039215,"16,17,19,21,22,23,28,36,41,42,47,48,49,50,7,8",9,,212,2845.277,14.405,distributed-su-rvnd-iwss-s48-57d64b68aa4e,1e766a8fe81a1ada1704663fa60b1f1f96af293c361d98f5c4ce0e53b280d671,9,9,0.94043046,,False,71,4.0913,4.010200000000001,4.8773,5.4179,51.14125000000001,5639.720000000001,5179.592,6001.734,6713.888,40.9783203125,380.0,13.396167755126953,13.370418548583984,0.0,38.82598876953125
gfshield-10d-2026-v1,distributed-su-rvnd-iwss,SU-RVND-IWSS,distributed,G-FShield,49,su,rvnd,iwss,timeout,run_timeout,0.941615957211,0.931140737127,0.943415655305,0.939986111111,0.941970486252,0.931460684467,0.943960576474,0.940166666667,0.931375,13,74.50980392156863,"1,15,19,21,22,23,28,36,41,47,48,49,8",6,,210,2818.608,11.84,distributed-su-rvnd-iwss-s49-a29e0f259995,e8cf1627a7c27f5d427b0c79c3d2d1f3db715aecb47d1addf3737f140e46acb2,6,6,0.94161594,,False,71,4.094799999999999,3.9988,4.837999999999999,5.6495,51.18499999999999,5605.7,5077.451999999999,5974.8499999999985,6725.356,41.0483154296875,379.0,11.569881439208984,11.54794692993164,0.0156402587890625,38.695335388183594
gfshield-10d-2026-v1,distributed-su-rvnd-iwssr,SU-RVND-IWSSR,distributed,G-FShield,42,su,rvnd,iwssr,timeout,run_timeout,0.939606097015,0.929573309387,0.943805192865,0.936722222222,0.939949912204,0.929941536662,0.944655256716,0.936722222222,0.9309,17,66.66666666666666,"0,11,19,2,20,21,22,23,28,36,41,42,47,48,49,50,7",9,,131,2819.772,15.667,distributed-su-rvnd-iwssr-s42-16b3618974b9,53ea0831ba1ca8c01d049ca4bb28750ba991fadbafb8523705cb728819b52685,9,9,0.9396061,,False,71,4.1287,4.043900000000001,4.9551,6.5652,51.60875,5543.704,4996.01,6035.624000000001,7515.896,45.873388671875,381.0,9.7747802734375,9.73672866821289,0.0,39.490699768066406
gfshield-10d-2026-v1,distributed-su-rvnd-iwssr,SU-RVND-IWSSR,distributed,G-FShield,43,su,rvnd,iwssr,timeout,run_timeout,0.940562759211,0.929607258483,0.941410374167,0.93975,0.940184275657,0.929178648784,0.941415370412,0.939027777778,0.929025,14,72.54901960784314,"11,12,16,19,21,22,23,28,36,41,47,48,49,9",6,,184,2811.975,13.692,distributed-su-rvnd-iwssr-s43-c1c7c082fed5,1127b3ea1eb84183582ca5a8fbfea7e64ab76a37f371e7782981a6e0b7304157,6,6,0.9405628,,False,71,4.0984,4.0319,4.771750000000001,5.5618,51.23,5604.368,5118.088,6146.522,7405.768,45.201220703125,378.0,10.00518798828125,9.974098205566406,0.003910064697265625,38.72108459472656
gfshield-10d-2026-v1,distributed-su-rvnd-iwssr,SU-RVND-IWSSR,distributed,G-FShield,44,su,rvnd,iwssr,timeout,run_timeout,0.941242775826,0.931738920988,0.946423819804,0.937805555556,0.941085897599,0.931431788466,0.946615717237,0.937361111111,0.93245,12,76.47058823529412,"13,19,21,22,23,28,36,41,47,48,49,9",15,,216,2834.834,11.775,distributed-su-rvnd-iwssr-s44-d66d54a22516,b70e392e9f3124e1edcbc6079fc7c33e6c47d3e505fffbe9cb0ec668f46e244e,15,15,0.94124275,,False,71,4.0849,4.0296,4.862,5.4458,51.06125,5376.076,4967.26,6004.92,7408.988,45.2208740234375,377.0,11.99808120727539,11.978912353515625,0.0,40.576934814453125
gfshield-10d-2026-v1,distributed-su-rvnd-iwssr,SU-RVND-IWSSR,distributed,G-FShield,45,su,rvnd,iwssr,timeout,run_timeout,0.94228909807,0.931899874018,0.944108926501,0.940638888889,0.941978553481,0.931475348995,0.943865543609,0.94025,0.9314,13,74.50980392156863,"16,19,21,22,23,28,36,41,47,48,49,6,9",7,,207,2842.179,11.525,distributed-su-rvnd-iwssr-s45-96bade0dee2d,0801a619468b51348224915fd7122a48cb94c864b48bd3bb6068e280c3bc3fb9,7,7,0.9422891,,False,71,4.0831,4.0175,4.9333,5.726500000000001,51.03875,5675.844,5245.556,6086.129999999999,7261.684000000001,44.32180175781251,377.0,14.43014144897461,14.397144317626953,0.007810592651367187,40.76671600341797
gfshield-10d-2026-v1,distributed-su-rvnd-iwssr,SU-RVND-IWSSR,distributed,G-FShield,46,su,rvnd,iwssr,timeout,run_timeout,0.940481288883,0.930644317763,0.944608715892,0.937597222222,0.940568870999,0.930653295394,0.945234394362,0.937277777778,0.931525,17,66.66666666666666,"0,12,19,20,21,22,23,28,36,41,42,47,48,49,5,50,7",10,,54,2823.453,16.081,distributed-su-rvnd-iwssr-s46-396dbf4601a5,d29500ea3f9bc1f67e4fb7a9302d602468f0d753c248c8f3b23e754a523e0714,10,10,0.9404813,,False,69,4.059900000000001,4.0208,4.5150999999999994,5.6278,50.74875000000001,5796.1359999999995,5406.879999999999,6319.26,7550.912,46.087109375000004,380.0,13.863277435302734,13.845634460449219,0.007810592651367187,38.59710693359375
gfshield-10d-2026-v1,distributed-su-rvnd-iwssr,SU-RVND-IWSSR,distributed,G-FShield,47,su,rvnd,iwssr,timeout,run_timeout,0.940259874898,0.930436863919,0.9449500242,0.937027777778,0.941481225159,0.931805374558,0.946565077557,0.937875,0.932625,15,70.58823529411765,"0,19,20,21,22,23,28,36,41,42,47,48,49,50,9",8,,192,2885.004,14.188,distributed-su-rvnd-iwssr-s47-4acbb0df43a9,8473f7d02670296e14b6fcff599da34923fd0e4302d6d13e4a3adb0454ab158f,8,8,0.9402599,,False,71,4.0664,4.00015,4.7841,6.749299999999999,50.83,5319.656000000001,4936.460000000001,5827.9,6636.216,40.504248046875006,377.0,9.877967834472656,9.853839874267578,0.0,39.31617736816406
gfshield-10d-2026-v1,distributed-su-rvnd-iwssr,SU-RVND-IWSSR,distributed,G-FShield,48,su,rvnd,iwssr,timeout,run_timeout,0.941436601478,0.931648640797,0.945664721339,0.938388888889,0.941614710291,0.931877753462,0.946293559334,0.938277777778,0.9327,15,70.58823529411765,"11,12,16,19,20,21,22,23,28,36,41,47,48,49,8",8,,157,2811.781,13.79,distributed-su-rvnd-iwssr-s48-499fc29e03c4,db2391b80dfb70d307af9389f55e7f6b746c1970cb40202f68e7ad3a34bbace1,8,8,0.9414366,,False,71,4.0629,4.01295,4.881550000000001,6.432499999999999,50.78625,5440.008,4859.105,5782.6320000000005,6779.896,41.381201171875,380.0,9.581851959228516,9.549522399902344,0.007810592651367187,38.90705108642578
gfshield-10d-2026-v1,distributed-su-rvnd-iwssr,SU-RVND-IWSSR,distributed,G-FShield,49,su,rvnd,iwssr,timeout,run_timeout,0.942216329921,0.931238547597,0.942871010273,0.941680555556,0.941566844508,0.930584287547,0.942350640477,0.940958333333,0.930125,9,82.35294117647058,"0,13,19,21,22,41,47,49,7",10,,227,2875.252,10.16,distributed-su-rvnd-iwssr-s49-5acefebb91cb,db5c8c816c4e7cb8ba3582b49ea6534d8b0fc800354977d189a6650f08488700,10,10,0.94221634,,False,71,4.054399999999999,3.9996,4.8548,5.0412,50.67999999999999,5345.908,4862.66,5836.298,7002.876,42.7421630859375,379.0,13.665771484375,13.626766204833984,0.0,38.76972198486328
gfshield-10d-2026-v1,distributed-su-vnd-bitflip,SU-VND-BF,distributed,G-FShield,42,su,vnd,bitflip,timeout,run_timeout,0.880024036805,0.865548777712,0.898011688553,0.871736111111,0.878075092579,0.86334619553,0.896534430212,0.869833333333,0.86605,5,90.19607843137256,"19,20,22,41,49",2,,143,2883.855,8.428,distributed-su-vnd-bitflip-s42-74242784951b,05b40e090fcf13699dc54bcc2a7fac398e6798fca063aca1cacae5b62d64d8b9,2,2,0.880024,,False,70,2.1449500000000006,2.06295,2.9166749999999997,3.6831,26.811875000000008,4170.242,3919.051,4678.782999999999,5373.563999999999,32.797631835937494,375.0,16.934585571289062,16.905784606933594,0.0,23.87237548828125
gfshield-10d-2026-v1,distributed-su-vnd-bitflip,SU-VND-BF,distributed,G-FShield,43,su,vnd,bitflip,timeout,run_timeout,0.842659667574,0.839917534015,0.873041730097,0.849652777778,0.842605005189,0.83984257609,0.875234913168,0.85,0.846875,5,90.19607843137256,"14,23,42,47,49",4,,141,2842.607,8.524,distributed-su-vnd-bitflip-s43-5addc4d569cb,ce10c47ac84c07f424d0605c481c2e0c9202cfd7ea7c3b339a7cb23547a1477e,4,4,0.84265965,,False,70,2.1179,2.050925,2.8859999999999997,4.384899999999999,26.473750000000003,4253.9580000000005,4110.152,4656.450999999999,5931.788,36.204760742187496,375.0,16.341114044189453,16.31927490234375,0.0,23.7274169921875
gfshield-10d-2026-v1,distributed-su-vnd-bitflip,SU-VND-BF,distributed,G-FShield,44,su,vnd,bitflip,timeout,run_timeout,0.922414387287,0.912146453573,0.924519005464,0.920902777778,0.921906120297,0.911578739189,0.924054264452,0.920416666667,0.910975,5,90.19607843137256,"12,36,47,49,7",4,,62,2872.823,5.317,distributed-su-vnd-bitflip-s44-98b9e0a69401,2dbd83b8d36313888b2901666dbec5ea560ef5e1fa0d16b2c71a99cceb0f2519,4,4,0.92241436,,False,72,2.22425,2.0580000000000003,2.9414749999999996,6.4648,27.803125,4287.726,3895.3070000000002,4695.813,5270.876,32.1708740234375,371.0,12.998104095458984,12.960433959960938,0.0,23.990631103515625
gfshield-10d-2026-v1,distributed-su-vnd-bitflip,SU-VND-BF,distributed,G-FShield,45,su,vnd,bitflip,timeout,run_timeout,0.866514699051,0.856399840584,0.874087476852,0.862555555556,0.868486758018,0.857858498611,0.875862912356,0.864347222222,0.858225,5,90.19607843137256,"12,13,41,49,9",9,,116,2858.758,7.229,distributed-su-vnd-bitflip-s45-2764836ab29c,5ea4718f4bd375e219f9538e08eac25bff5689f1ef8de8a2bc4cc39ffec19a45,9,9,0.8665147,,False,70,2.1102,2.0534499999999998,2.5981,3.1256,26.377499999999998,4431.165999999999,4007.6079999999997,4842.143,5398.907999999999,32.952319335937496,375.0,13.48886489868164,13.463592529296875,0.0,23.711204528808594
gfshield-10d-2026-v1,distributed-su-vnd-bitflip,SU-VND-BF,distributed,G-FShield,46,su,vnd,bitflip,timeout,run_timeout,0.879704384772,0.867410240261,0.889742445758,0.874333333333,0.880759130808,0.8682780122,0.890273754804,0.875430555556,0.8703,5,90.19607843137256,"0,15,21,41,49",2,,80,2837.607,9.465,distributed-su-vnd-bitflip-s46-4901ae154054,bf5a556e8dc4f7f7902bddf05724da76d2e813f462b230ba419a07b6692987e0,2,2,0.87970436,,False,70,2.1845,2.057225,2.881825,3.8177,27.30625,4269.682000000001,3923.221,4782.177,5314.612,32.4378173828125,375.0,16.886520385742188,16.866683959960938,0.0,23.911476135253906
gfshield-10d-2026-v1,distributed-su-vnd-bitflip,SU-VND-BF,distributed,G-FShield,47,su,vnd,bitflip,timeout,run_timeout,0.906037428742,0.893589663414,0.9114228398,0.901916666667,0.90479058518,0.892174122082,0.910892891153,0.900222222222,0.8918,5,90.19607843137256,"23,36,41,49,9",2,,132,2839.667,6.949,distributed-su-vnd-bitflip-s47-a083bb704a37,52d35b3bcca836754ecaa40b49d24272fc201d644ff076cd25c6c345fcee8442,2,2,0.90603745,,False,69,2.1289,2.0486999999999997,2.7766,6.4067,26.61125,4287.944,3903.564,4663.144,5142.196,31.3854736328125,376.0,17.890453338623047,17.858505249023438,0.0,23.66924285888672
gfshield-10d-2026-v1,distributed-su-vnd-bitflip,SU-VND-BF,distributed,G-FShield,48,su,vnd,bitflip,timeout,run_timeout,0.917947225485,0.908520632777,0.920599490806,0.916097222222,0.919598694553,0.909954174735,0.922236340307,0.917638888889,0.9096,5,90.19607843137256,"14,23,41,47,49",4,,118,2831.251,6.595,distributed-su-vnd-bitflip-s48-b682af24d3bc,d0519d7e519eb8d8e405761bce81e98c0338a239da9e6c5ef589960648f327f4,4,4,0.91794723,,False,70,2.1954000000000002,2.065675,2.921175,3.3551,27.442500000000003,4540.904,4165.691,4779.748,5343.764,32.6157470703125,372.0,12.335491180419922,12.31393814086914,0.0,23.827552795410156
gfshield-10d-2026-v1,distributed-su-vnd-bitflip,SU-VND-BF,distributed,G-FShield,49,su,vnd,bitflip,timeout,run_timeout,0.831914288022,0.826049099306,0.844480014285,0.849541666667,0.82935073397,0.823597956589,0.837581705283,0.846833333333,0.86035,5,90.19607843137256,"1,20,23,36,49",4,,76,2805.198,10.944,distributed-su-vnd-bitflip-s49-ebedc3999bc7,f4696cccceb2594acf346d00ffd940c5b77f76a5e1ce7a8333527a634ad18152,4,4,0.8319143,,False,70,2.1050500000000003,2.0497000000000005,2.930075,3.3973,26.313125000000003,4406.34,3830.256,4745.671,5368.044,32.7639404296875,375.0,16.04156494140625,16.01123809814453,0.0,23.88286590576172
gfshield-10d-2026-v1,distributed-su-vnd-iwss,SU-VND-IWSS,distributed,G-FShield,42,su,vnd,iwss,timeout,run_timeout,0.941199107831,0.930611741793,0.942050158549,0.940388888889,0.942186700704,0.931648070257,0.943326282936,0.941111111111,0.931475,21,58.82352941176471,"0,1,10,13,14,16,19,20,21,23,28,36,41,42,47,48,49,50,7,8,9",9,,204,2828.02,19.899,distributed-su-vnd-iwss-s42-178ea1548572,d94541eabc1e192128d03b2e04d7a3ed71b631f518ecc0398c589c940be2bb7e,9,9,0.9411991,,False,72,3.05485,2.9654249999999998,3.4170249999999998,4.422000000000001,38.185625,4776.344000000001,4210.683,5004.064,5996.719999999999,36.60107421874999,376.0,13.495349884033203,13.475227355957031,0.0,31.52751922607422
gfshield-10d-2026-v1,distributed-su-vnd-iwss,SU-VND-IWSS,distributed,G-FShield,43,su,vnd,iwss,timeout,run_timeout,0.941707961908,0.930877803043,0.941976585203,0.9415,0.941745726581,0.930822293195,0.942319229098,0.94125,0.930475,14,72.54901960784314,"11,12,16,21,22,23,28,36,41,42,47,48,49,9",7,,225,2814.139,12.896,distributed-su-vnd-iwss-s43-397e30e5459e,4052fc28854ca5f2d94632f72307a4443c3295521a1e56f020535c738092b5ee,7,7,0.94170797,,False,70,3.0549999999999997,2.9712,3.3752499999999994,4.263299999999999,38.1875,4911.848,4591.829,5353.9839999999995,5848.84,35.698486328125,375.0,14.850616455078125,14.834403991699219,0.0,33.822059631347656
gfshield-10d-2026-v1,distributed-su-vnd-iwss,SU-VND-IWSS,distributed,G-FShield,44,su,vnd,iwss,timeout,run_timeout,0.940804901443,0.930777327715,0.944613624841,0.938180555556,0.941296218704,0.931474916181,0.945577968109,0.938263888889,0.93235,19,62.745098039215684,"0,10,13,19,2,20,21,22,23,28,36,41,42,47,49,50,7,8,9",9,,191,2868.707,18.703,distributed-su-vnd-iwss-s44-e20ccd51df28,f8b660f2fbc41996825156742ff64aea77ca4ec70cd9a17c4bbade4ba2622c57,9,9,0.9408049,,False,71,3.0486999999999997,2.65515,3.1624,5.0806000000000004,38.10874999999999,5008.748,4706.84,5441.876,6042.599999999999,36.881103515625,375.0,11.354255676269531,11.33880615234375,0.0,31.929969787597656
gfshield-10d-2026-v1,distributed-su-vnd-iwss,SU-VND-IWSS,distributed,G-FShield,45,su,vnd,iwss,timeout,run_timeout,0.94228909807,0.931899874018,0.944108926501,0.940638888889,0.941978553481,0.931475348995,0.943865543609,0.94025,0.9314,13,74.50980392156863,"16,19,21,22,23,28,36,41,47,48,49,6,9",10,,203,2824.456,12.231,distributed-su-vnd-iwss-s45-49090ec74133,475329902d42650a8ec2865ed8e6a7852cb2fa54bb4d233749b4678b842e7571,10,10,0.9422891,,False,71,3.0419,2.997,3.27205,4.1678999999999995,38.02375,4954.94,4355.548000000001,5396.268,6112.612,37.3084228515625,375.0,11.519145965576172,11.505317687988281,0.0,31.404495239257812
gfshield-10d-2026-v1,distributed-su-vnd-iwss,SU-VND-IWSS,distributed,G-FShield,46,su,vnd,iwss,timeout,run_timeout,0.940830563854,0.930840463693,0.944817525351,0.937972222222,0.940371797762,0.930314765089,0.944983210224,0.937055555556,0.931125,21,58.82352941176471,"0,1,10,13,14,15,19,20,21,22,23,28,41,42,47,48,49,50,7,8,9",10,,206,2828.063,20.155,distributed-su-vnd-iwss-s46-c6ec5c0cf15c,316e625ec2e4f287cf784871ea5b9d3b230aa0a69380d58f34a0ebbce2bd4175,10,10,0.9408306,,False,72,3.0642,2.9608499999999998,3.590575,5.9585,38.3025,4924.85,4615.809,5403.882,6221.332,37.971997070312504,376.0,11.63187026977539,11.600494384765625,0.0,31.462669372558594
gfshield-10d-2026-v1,distributed-su-vnd-iwss,SU-VND-IWSS,distributed,G-FShield,47,su,vnd,iwss,timeout,run_timeout,0.943082645791,0.933025482534,0.94499553065,0.941458333333,0.943799684527,0.933909736217,0.946169296962,0.941736111111,0.934075,15,70.58823529411765,"0,19,20,21,23,28,36,41,42,47,48,49,50,7,8",11,,214,2819.88,15.072,distributed-su-vnd-iwss-s47-80718dd0c2d8,d15a11b6694f0770561d87d1d8f5817f6b1fe892ad9d18e38a75657e1a2e720a,11,11,0.94308263,,False,71,3.0383000000000004,2.8162000000000003,3.7254000000000005,6.1015999999999995,37.978750000000005,5120.628000000001,4592.83,5777.853999999999,6137.096,37.457861328125,375.0,14.375782012939453,14.362335205078125,0.0,31.42070770263672
gfshield-10d-2026-v1,distributed-su-vnd-iwss,SU-VND-IWSS,distributed,G-FShield,48,su,vnd,iwss,timeout,run_timeout,0.940655671144,0.930720421423,0.94473694732,0.937791666667,0.94052532975,0.930564385225,0.945174400686,0.937208333333,0.9314,21,58.82352941176471,"0,1,10,13,14,19,20,21,22,23,28,41,42,47,48,49,50,6,7,8,9",8,,202,2827.345,19.941,distributed-su-vnd-iwss-s48-c6747dc0b706,e37bea71ebd46713f2a36d5e519b0f5f939001822ac3c47d370938df83ff2f7c,8,8,0.94065565,,False,71,3.0606000000000004,3.0007,3.4402500000000003,6.073000000000001,38.25750000000001,4913.896,4508.432000000001,5429.585999999999,6819.856,41.62509765625,375.0,11.876201629638672,11.832332611083984,0.0,31.33678436279297
gfshield-10d-2026-v1,distributed-su-vnd-iwss,SU-VND-IWSS,distributed,G-FShield,49,su,vnd,iwss,timeout,run_timeout,0.943183906143,0.933063730364,0.94461710465,0.941875,0.944716641636,0.934694354708,0.946183837616,0.943361111111,0.934625,14,72.54901960784314,"0,1,15,19,21,23,28,36,41,42,47,48,49,8",8,,221,2808.055,12.209,distributed-su-vnd-iwss-s49-939fc8fa120c,d49eef4560cc9b77b045d66a54f795aa0f37a19df4d107ae05d82a3c30ffed15,8,8,0.9431839,,False,71,3.0452999999999997,2.9369499999999995,3.3114999999999997,4.2995,38.06625,5170.204000000001,4654.49,5458.07,6152.476000000001,37.551733398437506,376.0,13.195991516113281,13.165092468261719,0.003910064697265625,31.40735626220703
gfshield-10d-2026-v1,distributed-su-vnd-iwssr,SU-VND-IWSSR,distributed,G-FShield,42,su,vnd,iwssr,timeout,run_timeout,0.942737254879,0.932607995029,0.944336280851,0.941277777778,0.941964322464,0.931605464929,0.943613474717,0.940458333333,0.93145,11,78.43137254901961,"14,16,19,21,23,28,36,41,47,48,49",6,,113,2863.229,11.497,distributed-su-vnd-iwssr-s42-1e1d750ded61,0f9d3ae01b1c09ab38b42a9809b373e3d34c6f2ff439fd6ec041b470cca231dc,6,6,0.9427373,,False,71,2.1098,2.0518,2.9525,4.6519,26.3725,4371.0599999999995,3886.3820000000005,4744.128000000001,5845.16,35.676025390625,374.0,18.13507080078125,18.115997314453125,0.003910064697265625,23.934364318847656
gfshield-10d-2026-v1,distributed-su-vnd-iwssr,SU-VND-IWSSR,distributed,G-FShield,43,su,vnd,iwssr,timeout,run_timeout,0.941867238473,0.931023230582,0.942217132535,0.941583333333,0.942094381111,0.931251551435,0.942815516606,0.941486111111,0.93085,13,74.50980392156863,"11,12,16,21,22,23,28,36,41,47,48,49,9",6,,120,2822.921,12.181,distributed-su-vnd-iwssr-s43-ea8a1dd0a665,8f737cac08337d31bb1d2ceb9c5777fa3aeda2edd7a48e98bede6e24104e8d13,6,6,0.94186723,,False,72,2.184,2.0546749999999996,2.994425,6.4225,27.3,4849.622,4569.233,5135.685,5980.012000000001,36.499096679687504,373.0,12.932682037353516,12.908935546875,0.0,24.114608764648438
gfshield-10d-2026-v1,distributed-su-vnd-iwssr,SU-VND-IWSSR,distributed,G-FShield,44,su,vnd,iwssr,timeout,run_timeout,0.941953640094,0.931373816999,0.943562321604,0.940472222222,0.942237141906,0.931622913395,0.943979223598,0.940652777778,0.931425,11,78.43137254901961,"10,19,2,21,23,28,36,41,47,48,49",6,,187,2822.59,12.036,distributed-su-vnd-iwssr-s44-37b260721b56,ced970f2b3edf5462ee4b0163d11f2939806a8a35122c9e273a47913e86eb58b,6,6,0.94195366,,False,70,2.12135,2.061225,2.975725,3.5483,26.516875000000002,4480.4400000000005,4217.410000000001,4890.326,5783.771999999999,35.3013427734375,374.0,15.645217895507812,15.630626678466797,0.0,23.848533630371094
gfshield-10d-2026-v1,distributed-su-vnd-iwssr,SU-VND-IWSSR,distributed,G-FShield,45,su,vnd,iwssr,timeout,run_timeout,0.941759241918,0.931020196454,0.942650730237,0.940930555556,0.94192567363,0.931209634719,0.942709664243,0.941222222222,0.9309,13,74.50980392156863,"1,15,2,21,22,23,28,36,41,47,48,49,6",7,,188,2815.681,12.407,distributed-su-vnd-iwssr-s45-311ee03f691b,fac25816628a487b7f826256bb7eaaae415157a5eb9c4aa6ea22d250d5c7354e,7,7,0.9417592,,False,71,2.0942999999999996,2.0488,2.8529,6.6027000000000005,26.178749999999994,4374.2119999999995,4025.222,4706.998,5369.039999999999,32.77001953124999,372.0,14.159965515136719,13.977336883544922,0.0156402587890625,23.86188507080078
gfshield-10d-2026-v1,distributed-su-vnd-iwssr,SU-VND-IWSSR,distributed,G-FShield,46,su,vnd,iwssr,timeout,run_timeout,0.943669352762,0.933641853409,0.944677858849,0.942722222222,0.942216087497,0.931901743044,0.943502234547,0.941027777778,0.93175,12,76.47058823529412,"14,15,19,21,23,28,36,41,42,47,48,49",5,,47,2809.414,11.951,distributed-su-vnd-iwssr-s46-cc58b6c8c95b,580ef3b47295001c0d924c4db8bb7989423dc11a4c8764b2c5707e4fc119eddb,5,5,0.9436694,,False,70,2.1269,2.054925,2.8171999999999997,3.5259999999999994,26.58625,4294.258,3845.772,4755.704,5825.828,35.5580322265625,375.0,17.902183532714844,17.877578735351562,0.0,23.801803588867188
gfshield-10d-2026-v1,distributed-su-vnd-iwssr,SU-VND-IWSSR,distributed,G-FShield,47,su,vnd,iwssr,timeout,run_timeout,0.93229173836,0.921882264123,0.937020278583,0.929027777778,0.932314725048,0.921926097771,0.937791398828,0.928458333333,0.922525,13,74.50980392156863,"0,19,20,21,22,23,28,36,41,42,47,49,50",5,,207,2815.444,15.431,distributed-su-vnd-iwssr-s47-b480ea9d8d09,de712c0078389d6117e8b99cd1fa14dcd27f44efa49edc3d0962217d06bedc8c,5,5,0.93229175,,False,71,2.1203999999999996,2.0641499999999997,2.83615,6.5333000000000006,26.504999999999995,4848.18,4537.593999999999,5105.534,5938.036,36.2428955078125,373.0,15.095233917236328,15.064716339111328,0.019550323486328125,23.996353149414062
gfshield-10d-2026-v1,distributed-su-vnd-iwssr,SU-VND-IWSSR,distributed,G-FShield,48,su,vnd,iwssr,timeout,run_timeout,0.943126827316,0.932834158174,0.944312233039,0.942013888889,0.94221898363,0.931734152363,0.943253026437,0.94125,0.9316,13,74.50980392156863,"0,14,19,21,23,28,36,41,42,47,48,49,6",5,,192,2877.98,13.55,distributed-su-vnd-iwssr-s48-64475d5cc7e3,872e48b60e3c12137067f046a7e2261a570ff434eb9c908349a31efb719c8b47,5,5,0.9431268,,False,71,2.1551,2.0545,2.78335,5.1499999999999995,26.93875,4292.36,3924.4940000000006,4699.624,5400.236,32.9604248046875,374.0,18.113136291503906,18.088340759277344,0.0,24.00684356689453
gfshield-10d-2026-v1,distributed-su-vnd-iwssr,SU-VND-IWSSR,distributed,G-FShield,49,su,vnd,iwssr,timeout,run_timeout,0.943195087951,0.93266505284,0.944493023715,0.942,0.943087163015,0.932403307153,0.944311037827,0.941986111111,0.93205,12,76.47058823529412,"1,15,21,22,23,28,36,41,47,48,49,8",7,,201,2855.607,11.111,distributed-su-vnd-iwssr-s49-3a73f2c3ae41,d6c2100509ad6f975a031b0b27a0d55a6f3c39993ee3fc6d376f86eea9ce9ad5,7,6,0.9431951,,False,71,2.1268,2.04525,2.7826,3.619,26.584999999999997,4317.064,3903.38,4586.852,5563.643999999999,33.957788085937494,374.0,16.438674926757812,16.42131805419922,0.0,23.886680603027344
gfshield-10d-2026-v1,monolith1-gr-bitflip,M1-GR-BF,monolith1,Monolith 1,42,gainratio,,bitflip,timeout,run_timeout,0.933187540854,0.921787111886,0.936116320757,0.930666666667,0.934495211928,0.923231109057,0.937204797693,0.932138888889,0.922975,5,90.19607843137256,"0,1,29,4,5",5,282.0,279,2716.578,14.441,monolith1-gr-bitflip-s42-68db6f8851fa,7dddcf3543e9ba66bb06f09d6a72c59e55fe6795dbc8439a679072fdbae7d034,0,0,,,False,80,1.1802000000000001,1.0123,1.3012000000000001,1.716,14.752500000000001,1576.4479999999999,1521.664,1695.7440000000001,1893.376,11.55625,42.0,0.00270843505859375,0.0,0.0,7.457733154296875
gfshield-10d-2026-v1,monolith1-gr-bitflip,M1-GR-BF,monolith1,Monolith 1,43,gainratio,,bitflip,timeout,run_timeout,0.930368592322,0.918958578409,0.936256710849,0.926111111111,0.932036715974,0.921271635676,0.938372690787,0.927444444444,0.92175,5,90.19607843137256,"0,1,24,4,5",13,294.0,291,2715.534,9.243,monolith1-gr-bitflip-s43-c9de9250ebb1,e46e8dd4783eb81d5133199a3419519ee79f9d66a19f0e0f8c2cbf86c0b0312c,0,0,,,False,80,1.1215000000000002,1.0112,1.3707,1.8368,14.018750000000002,1570.304,1533.696,1681.664,1977.344,12.06875,42.0,0.00270843505859375,0.0,0.0,7.457733154296875
gfshield-10d-2026-v1,monolith1-gr-bitflip,M1-GR-BF,monolith1,Monolith 1,44,gainratio,,bitflip,timeout,run_timeout,0.939409943591,0.929356481325,0.939842706624,0.939083333333,0.939682188787,0.929777039197,0.939936361691,0.939597222222,0.929275,5,90.19607843137256,"0,10,2,22,4",5,371.0,367,2709.611,5.957,monolith1-gr-bitflip-s44-f81f6c0bf327,e824fc0e22d94d843b775af59ab2b3ff15f3dd13154b84e03c1bcd6bb91d3d86,0,0,,,False,80,1.06595,1.01105,1.4323000000000001,1.8221,13.324375,1515.52,1475.84,1662.208,1885.184,11.50625,42.0,0.00270843505859375,0.0,0.0,7.457733154296875
gfshield-10d-2026-v1,monolith1-gr-bitflip,M1-GR-BF,monolith1,Monolith 1,45,gainratio,,bitflip,timeout,run_timeout,0.939409943591,0.929356481325,0.939842706624,0.939083333333,0.939682188787,0.929777039197,0.939936361691,0.939597222222,0.929275,5,90.19607843137256,"0,10,2,22,4",8,357.0,353,2713.893,5.696,monolith1-gr-bitflip-s45-bf521610a741,e422e2b0948289bdb921d0883384e03b974e654a2050d7d064d54f8f1d7a6f81,0,0,,,False,80,1.01235,1.0102,1.3649250000000002,1.7694999999999999,12.654375000000002,1515.52,1483.776,1613.3120000000001,2022.4,12.34375,42.0,0.00270843505859375,0.0,0.0,7.457733154296875
gfshield-10d-2026-v1,monolith1-gr-bitflip,M1-GR-BF,monolith1,Monolith 1,46,gainratio,,bitflip,timeout,run_timeout,0.939409943591,0.929356481325,0.939842706624,0.939083333333,0.939682188787,0.929777039197,0.939936361691,0.939597222222,0.929275,5,90.19607843137256,"0,10,2,22,4",7,359.0,355,2711.196,5.547,monolith1-gr-bitflip-s46-fedfb5427b8c,563f2a2c7575466bbe763c324afe04152fbb4983652498ce7c8b311ada4b9a52,0,0,,,False,80,1.01235,1.010375,1.342025,1.8869,12.654375000000002,1518.592,1470.976,1659.136,1845.248,11.262500000000001,42.0,0.00270843505859375,0.0,0.0,7.495880126953125
gfshield-10d-2026-v1,monolith1-gr-bitflip,M1-GR-BF,monolith1,Monolith 1,47,gainratio,,bitflip,timeout,run_timeout,0.933187540854,0.921787111886,0.936116320757,0.930666666667,0.934495211928,0.923231109057,0.937204797693,0.932138888889,0.922975,5,90.19607843137256,"0,1,29,4,5",15,335.0,331,2718.669,13.822,monolith1-gr-bitflip-s47-0c5a98f4bbd5,12259cc140640d8252c6c0014074ca86c2d43d492f835f16dbf38448ed445460,0,0,,,False,80,1.07165,1.0109499999999998,1.396775,1.7918,13.395624999999999,1539.5839999999998,1502.976,1684.992,1941.504,11.85,42.0,0.00270843505859375,0.0,0.0,7.457733154296875
gfshield-10d-2026-v1,monolith1-gr-bitflip,M1-GR-BF,monolith1,Monolith 1,48,gainratio,,bitflip,timeout,run_timeout,0.939409943591,0.929356481325,0.939842706624,0.939083333333,0.939682188787,0.929777039197,0.939936361691,0.939597222222,0.929275,5,90.19607843137256,"0,10,2,22,4",3,382.0,378,2707.9,5.514,monolith1-gr-bitflip-s48-ce2a0eae331f,73e3cac956acc95d04ff968ba156bba1aada890aa24c4841944db096d38912bf,0,0,,,False,80,1.13285,1.011875,1.483275,1.8712,14.160625,1523.2,1467.3919999999998,1607.9360000000001,2087.936,12.74375,42.0,0.00270843505859375,0.0,0.0,7.457733154296875
gfshield-10d-2026-v1,monolith1-gr-bitflip,M1-GR-BF,monolith1,Monolith 1,49,gainratio,,bitflip,timeout,run_timeout,0.939409943591,0.929356481325,0.939842706624,0.939083333333,0.939682188787,0.929777039197,0.939936361691,0.939597222222,0.929275,5,90.19607843137256,"0,10,2,22,4",6,368.0,364,2707.746,5.587,monolith1-gr-bitflip-s49-34fe9dce9029,6f13a015624f3b51a41f89a588a407924dc437f3ddb24f23b02638e464decdd0,0,0,,,False,80,1.01375,1.01045,1.32085,1.8765,12.671875,1541.12,1496.064,1629.184,2048.0,12.5,42.0,0.00270843505859375,0.0,0.0,7.495880126953125
gfshield-10d-2026-v1,monolith2-gr-iwss,M2-GR-IWSS,monolith2,Monolith 2,42,gr,vnd,iwss,timeout,run_timeout,0.847131726732,0.83188515994,0.860538031646,0.838125,0.849606831281,0.834611336762,0.862966280657,0.84075,0.8333,5,90.19607843137256,"16,18,36,41,49",1,199.0,7,2726.472,9.191,monolith2-gr-iwss-s42-6145a733a906,e8b18c08854d7f58fe1d04037858069faf3546641e648d5ce6cc6e4efa8eb0e1,0,0,,,False,80,1.0034,1.0025,1.06995,2.0014,12.5425,1387.52,1295.104,1424.896,1957.888,11.95,41.0,0.00270843505859375,0.0,0.0,10.967254638671875
gfshield-10d-2026-v1,monolith2-gr-iwss,M2-GR-IWSS,monolith2,Monolith 2,43,gr,vnd,iwss,timeout,run_timeout,0.864654183991,0.846884624141,0.869887771522,0.860819444444,0.865959775815,0.84861356305,0.872138777705,0.861541666667,0.849,5,90.19607843137256,"13,19,22,23,47",1,193.0,7,2716.312,5.549,monolith2-gr-iwss-s43-a8d77fe7c882,01cee72e785b8e7a05b583d93ee8da2dbea7b2803bc323d0b9ce330fc51ba31e,0,0,,,False,80,1.0031999999999999,1.0025,1.0220500000000001,1.8137999999999999,12.54,1348.6080000000002,1283.84,1435.904,1674.24,10.21875,41.0,0.00270843505859375,0.0,0.0,10.967254638671875
gfshield-10d-2026-v1,monolith2-gr-iwss,M2-GR-IWSS,monolith2,Monolith 2,44,gr,vnd,iwss,timeout,run_timeout,0.338578927157,0.349014345957,0.341611144799,0.341791666667,0.335783422357,0.347389699423,0.338583727463,0.339222222222,0.36075,5,90.19607843137256,"0,1,13,2,7",0,96.0,6,2797.277,38.248,monolith2-gr-iwss-s44-89593bd0aed6,97d35d15ef6a9a64cab19181e290465aaca04f54ef923067f3184e3a1e7ecd64,0,0,,,False,82,1.00305,1.002225,1.0041,1.9434,12.538125,1509.888,1404.16,1590.528,1698.816,10.36875,41.0,0.00270843505859375,0.0,0.0,10.967254638671875
gfshield-10d-2026-v1,monolith2-gr-iwss,M2-GR-IWSS,monolith2,Monolith 2,45,gr,vnd,iwss,timeout,run_timeout,0.88036133945,0.863339785213,0.886026561996,0.876166666667,0.880563500674,0.863817108196,0.887062422068,0.875902777778,0.862925,5,90.19607843137256,"28,41,47,49,5",1,216.0,7,2725.396,12.036,monolith2-gr-iwss-s45-22e7d1b7f10e,407d48ea7e2224ce5a34a556629e1f5b3e080c9695b4e910195d4094b98ff780,0,0,,,False,80,1.00325,1.002275,1.046375,1.8337999999999999,12.540625,1371.6480000000001,1308.9279999999999,1449.984,1925.12,11.75,41.0,0.00270843505859375,0.0,0.0,10.967254638671875
gfshield-10d-2026-v1,monolith2-gr-iwss,M2-GR-IWSS,monolith2,Monolith 2,46,gr,vnd,iwss,timeout,run_timeout,0.833508968126,0.827217652953,0.84650581622,0.851069444444,0.832650360764,0.826572577261,0.851180416388,0.850013888889,0.8625,5,90.19607843137256,"20,23,28,49,6",1,164.0,7,2725.107,9.647,monolith2-gr-iwss-s46-5339b73a9784,539a3b9cc9d55736774820ac4bb6b840538a0f7baaabb7de4e6c5260bbdd1855,0,0,,,False,80,1.0033,1.002475,1.0325250000000001,1.7178,12.541250000000002,1411.0720000000001,1354.752,1451.2640000000001,1780.736,10.86875,41.0,0.00270843505859375,0.0,0.0,10.967254638671875
gfshield-10d-2026-v1,monolith2-gr-iwss,M2-GR-IWSS,monolith2,Monolith 2,47,gr,vnd,iwss,timeout,run_timeout,0.59953503312,0.592774966031,0.599503178913,0.601277777778,0.602230776744,0.596026873111,0.602176674599,0.603902777778,0.59845,5,90.19607843137256,"0,1,28,4,42",0,122.0,6,2759.372,21.94,monolith2-gr-iwss-s47-daf78926e55d,1b1cb6bdd13acd8e31ce767457f7be9427c7ca0ccae93439ab0d385a9c6e3f9a,0,0,,,False,81,1.0031,1.0025,1.0039,2.0349,12.538750000000002,1413.12,1353.728,1460.224,1797.12,10.96875,41.0,0.00270843505859375,0.0,0.0,10.967254638671875
gfshield-10d-2026-v1,monolith2-gr-iwss,M2-GR-IWSS,monolith2,Monolith 2,48,gr,vnd,iwss,timeout,run_timeout,0.903594824085,0.891406715539,0.909071452946,0.899611111111,0.903830056057,0.89128475871,0.909372238604,0.899888888889,0.891075,5,90.19607843137256,"13,19,21,22,47",1,205.0,7,2712.891,6.567,monolith2-gr-iwss-s48-3a52ec578d14,9d51e2d2b03b07bfdf64315333819ac43b474cac03ec105913be81b2988a2da4,0,0,,,False,80,1.0034,1.002375,1.149025,1.7343000000000002,12.5425,1364.992,1299.456,1411.584,1708.032,10.424999999999999,41.0,0.00270843505859375,0.0,0.0,10.967254638671875
gfshield-10d-2026-v1,monolith2-gr-iwss,M2-GR-IWSS,monolith2,Monolith 2,49,gr,vnd,iwss,timeout,run_timeout,0.602422584959,0.595439822039,0.604208141515,0.603694444444,0.603847417613,0.597291627196,0.605690540951,0.604958333333,0.600125,5,90.19607843137256,"0,10,28,36,42",0,127.0,6,2760.284,20.529,monolith2-gr-iwss-s49-96e46c5d1e5f,afae17b067e056481295304d0f165e55a50bee7ebed7684d1546102b95ec4478,0,0,,,False,81,1.0029000000000001,1.0021,1.0039,1.5527000000000002,12.53625,1401.856,1339.392,1468.416,1934.336,11.80625,41.0,0.00270843505859375,0.0,0.0,10.967254638671875
